id_task,application_type,creation_date,completion_date,time_compute (s),time_env (s),time_dl (s),time_up (s),mobo_uuid,qrad_uuid,qbox_uuid,cpu_name,nb_cores,status,dataset,dataset_size,node_id
330846,3DRender,2021-04-26 22:13:13,2021-04-26 22:20:23,336,92,1,1,4F424F4D-58D8-00D7-B158-00D861155521,44415251-58D8-00D7-B158-000000000000,584f4251-4000-0000-1001-000000000005,AMD Ryzen 7 2700X Eight-Core Processor,8,Completed,ds39,32,0
2680379,3DRender,2022-06-02 00:32:34,2022-06-02 00:51:07,116,138,856,1,4F424F4D-ADF0-084E-ABC1-049226DA3D52,44415251-ADF0-084E-ABC1-000000000000,584f4251-4000-0000-1000-000000000016,AMD Ryzen Threadripper 2990WX 32-Core Processor,32,Completed,ds174,238,3
96032,Risk,2021-02-18 18:23:20,2021-02-18 19:54:09,5215,229,1,0,4F424F4D-58D8-00D7-B137-00D861156A0B,44415251-58D8-00D7-B137-000000000000,584f4251-4000-0000-1001-000000000005,AMD Ryzen 7 2700X Eight-Core Processor,8,Preempted,ds66,89,4
2821624,3DRender,2022-06-16 13:23:26,2022-06-16 13:33:07,459,115,4,2,4F424F4D-58D8-00D7-B137-00D861155549,44415251-58D8-00D7-B137-000000000000,584f4251-4000-0000-1001-000000000005,AMD Ryzen 7 2700X Eight-Core Processor,8,Completed,ds428,160,2
183187,Risk,2021-03-23 10:42:17,2021-03-23 10:43:37,0,63,10,0,4F424F4D-58D8-00D7-B158-00D861155662,44415251-58D8-00D7-B158-000000000000,584f4251-4000-0000-1001-000000000005,AMD Ryzen 7 2700X Eight-Core Processor,8,Preempted,ds1,156,1
2546922,3DRender,2022-05-08 01:17:20,2022-05-08 02:00:44,2461,140,1,2,4F424F4D-58D8-00D7-B077-049226DA6479,44415251-58D8-00D7-B077-000000000000,584f4251-4000-0000-1000-000000000016,AMD Ryzen Threadripper 2990WX 32-Core Processor,32,Completed,ds1,156,3
297289,3DRender,2021-04-22 22:42:49,2021-04-22 22:44:54,0,121,1,0,4F424F4D-58D8-01D7-3809-049226D9DACC,44415251-58D8-01D7-3809-000000000000,584f4251-4000-0000-1000-000000000004,AMD Ryzen Threadripper 2950X 16-Core Processor,16,Preempted,ds12,137,2
850101,3DRender,2021-07-11 10:10:21,2021-07-11 10:11:11,0,49,1,0,4F424F4D-58D8-01D7-3AEE-00D8617B5D9F,44415251-58D8-01D7-3AEE-000000000000,584f4251-2001-0000-0000-000000000001,AMD Ryzen 7 2700 Eight-Core Processor,8,Preempted,ds1,156,2
1471733,Risk,2021-11-07 07:57:01,2021-11-09 10:59:18,183584,60,91,1,4F424F4D-58D8-00D7-AFE1-00D861C8FB64,44415251-58D8-00D7-AFE1-000000000000,584f4251-2000-0000-0001-000000000003,AMD Ryzen 7 2700X Eight-Core Processor,8,Cancelled,ds20,167,4
3548553,3DRender,2022-10-04 09:01:38,2022-10-04 09:05:25,93,121,7,1,4F424F4D-58D8-00D7-B2A2-00D861C1EB2A,44415251-58D8-00D7-B2A2-000000000000,584f4251-2000-0000-0001-000000000003,AMD Ryzen 7 2700X Eight-Core Processor,8,Completed,ds13,99,1
768742,Risk,2021-07-05 15:12:04,2021-07-06 11:18:36,72264,101,13,0,4F424F4D-58D8-01D7-3A6D-00D861155589,44415251-58D8-01D7-3A6D-000000000000,584f4251-4000-0000-1001-000000000004,AMD Ryzen 7 2700X Eight-Core Processor,8,Preempted,ds1,156,1
3584929,3DRender,2022-10-12 07:46:48,2022-10-12 07:47:15,24,1,1,3,4F424F4D-58D8-01D7-3A91-00D8617B0B3F,44415251-58D8-01D7-3A91-000000000000,584f4251-4000-0000-1000-000000000006,AMD Ryzen Threadripper 2990WX 32-Core Processor,32,Completed,ds3,101,3
869068,Risk,2021-07-12 09:58:35,2021-07-12 14:06:28,14767,66,27,0,4F424F4D-58D8-01D7-36E9-00D8612D2298,44415251-58D8-01D7-36E9-000000000000,584f4251-3000-0000-2000-000000000006,AMD Ryzen 7 2700 Eight-Core Processor,8,Preempted,ds1,156,2
2760791,Risk,2022-06-11 07:22:34,2022-06-11 07:25:49,0,192,1,1,4F424F4D-58D8-01D7-37A3-00D8611555AA,44415251-58D8-01D7-37A3-000000000000,584f4251-4000-0000-1001-000000000003,AMD Ryzen 7 2700X Eight-Core Processor,8,Preempted,ds3,101,2
2416225,3DRender,2022-04-22 05:30:27,2022-04-22 05:42:20,570,139,1,3,4F424F4D-ADF0-084E-ABC1-049226DA3D56,44415251-ADF0-084E-ABC1-000000000000,584f4251-4000-0000-1000-000000000016,AMD Ryzen Threadripper 2990WX 32-Core Processor,32,Completed,ds206,23,2
1312460,Risk,2021-10-14 13:44:55,2021-10-14 13:55:13,509,101,1,1,4F424F4D-58D8-00D7-B131-00D8619C7531,44415251-58D8-00D7-B131-000000000000,584f4251-4000-0000-1000-000000000012,AMD Ryzen 7 2700X Eight-Core Processor,8,Preempted,ds35,232,2
606499,Risk,2021-06-04 15:11:01,2021-06-04 15:14:10,0,0,180,1,4F424F4D-58D8-01D7-3A6D-00D861156BA3,44415251-58D8-01D7-3A6D-000000000000,584f4251-4000-0000-1001-000000000004,AMD Ryzen 7 2700X Eight-Core Processor,8,Failed,ds698,254,3
3646098,3DRender,2022-10-19 08:51:14,2022-10-19 09:05:28,31,184,634,4,4F424F4D-58D8-00D7-B077-049226DA64B9,44415251-58D8-00D7-B077-000000000000,584f4251-4000-0000-1000-000000000016,AMD Ryzen Threadripper 2990WX 32-Core Processor,32,Completed,ds508,165,2
1223333,Risk,2021-09-29 10:37:39,2021-09-29 11:51:26,4224,101,90,0,4F424F4D-58D8-00D7-A3E7-00D8619C74EB,44415251-58D8-00D7-A3E7-000000000000,584f4251-4000-0000-1000-000000000019,AMD Ryzen 7 2700X Eight-Core Processor,8,Preempted,ds1,156,2
1866300,3DRender,2022-02-03 11:58:42,2022-02-03 12:49:27,2769,253,16,5,4F424F4D-58D8-01D7-36EF-2CF05D7ECBB8,44415251-58D8-01D7-36EF-000000000000,584f4251-3000-0000-2000-000000000001,AMD Ryzen 7 3700X 8-Core Processor,8,Completed,ds2,204,1
1547266,3DRender,2021-11-28 15:41:19,2021-11-28 15:50:44,508,54,1,2,4F424F4D-58D8-00D7-8AFD-00D861C8FC48,44415251-58D8-00D7-8AFD-000000000000,584f4251-2000-0000-0001-000000000003,AMD Ryzen 7 2700X Eight-Core Processor,8,Completed,ds2,204,4
826793,3DRender,2021-07-08 08:27:17,2021-07-08 08:28:30,13,1,53,4,4F424F4D-58D8-01D7-3AB5-00D861C8FC14,44415251-58D8-01D7-3AB5-000000000000,584f4251-3000-0000-2000-000000000002,AMD Ryzen 7 2700 Eight-Core Processor,8,Completed,ds1,156,1
656781,Risk,2021-06-13 10:44:14,2021-06-13 11:00:41,900,84,1,0,4F424F4D-58D8-01D7-36E9-00D8617B5D98,44415251-58D8-01D7-36E9-000000000000,584f4251-3000-0000-2000-000000000006,AMD Ryzen 7 2700 Eight-Core Processor,8,Preempted,ds1,156,2
39013,Risk,2021-02-09 11:07:19,2021-02-09 11:11:22,0,159,56,0,4F424F4D-58D8-01D7-3AB8-00D8617B5E08,44415251-58D8-01D7-3AB8-000000000000,584f4251-3000-0000-2000-000000000006,AMD Ryzen 7 2700 Eight-Core Processor,8,Preempted,ds44,211,1
1355118,3DRender,2021-10-20 12:43:15,2021-10-20 12:47:43,265,1,1,2,4F424F4D-58D8-01D7-3746-00D8617B0DAE,44415251-58D8-01D7-3746-000000000000,584f4251-4000-0000-1000-000000000002,AMD Ryzen Threadripper 2950X 16-Core Processor,16,Completed,ds7,180,3
2679871,3DRender,2022-06-01 20:39:39,2022-06-01 20:51:40,129,144,446,2,4F424F4D-ADF0-084E-ABC1-049226D9D9D2,44415251-ADF0-084E-ABC1-000000000000,584f4251-4000-0000-1000-000000000016,AMD Ryzen Threadripper 2990WX 32-Core Processor,32,Completed,ds2,204,4
2286976,3DRender,2022-03-31 19:27:07,2022-03-31 19:35:20,315,73,58,44,4F424F4D-58D8-01D7-3AF1-00D861C8FB38,44415251-58D8-01D7-3AF1-000000000000,584f4251-3000-0000-2000-000000000002,AMD Ryzen 7 2700 Eight-Core Processor,8,Completed,ds113,98,3
2530250,3DRender,2022-05-06 13:25:33,2022-05-06 13:25:55,0,0,16,0,4F424F4D-58D8-01D7-3A37-00D861C8FD17,44415251-58D8-01D7-3A37-000000000000,584f4251-3000-0000-2000-000000000002,AMD Ryzen 7 2700 Eight-Core Processor,8,Cancelled,ds1,156,1
905288,3DRender,2021-07-18 13:43:09,2021-07-18 13:44:12,60,1,1,2,4F424F4D-58D8-01D7-3B00-00D861C8FCD3,44415251-58D8-01D7-3B00-000000000000,584f4251-2001-0000-0000-000000000001,AMD Ryzen 7 2700 Eight-Core Processor,8,Completed,ds4,254,1
2041273,3DRender,2022-02-24 16:01:59,2022-02-24 16:03:57,102,1,1,1,4F424F4D-58D8-01D7-3A91-00D8617B0B3F,44415251-58D8-01D7-3A91-000000000000,584f4251-4000-0000-1000-000000000006,AMD Ryzen Threadripper 2990WX 32-Core Processor,32,Completed,ds61,122,1
3567025,3DRender,2022-10-07 16:33:31,2022-10-07 16:35:14,100,1,1,1,4F424F4D-58D8-01D7-3A6D-00D86115557E,44415251-58D8-01D7-3A6D-000000000000,584f4251-4000-0000-1001-000000000004,AMD Ryzen 7 2700X Eight-Core Processor,8,Completed,ds74,90,0
2835147,Risk,2022-06-18 00:23:15,2022-06-18 00:24:25,0,62,1,1,4F424F4D-58D8-01D7-3653-00D861155701,44415251-58D8-01D7-3653-000000000000,584f4251-4000-0000-1001-000000000004,AMD Ryzen 7 2700X Eight-Core Processor,8,Preempted,ds1,156,3
2283289,Risk,2022-03-30 05:10:13,2022-03-30 15:01:27,35338,129,2,0,4F424F4D-58D8-00D7-A615-00D8619C74B5,44415251-58D8-00D7-A615-000000000000,584f4251-4000-0000-1000-000000000015,AMD Ryzen 7 2700X Eight-Core Processor,8,Cancelled,ds7,180,2
441449,3DRender,2021-05-07 13:33:44,2021-05-07 13:37:55,55,191,1,3,4F424F4D-58D8-01D7-3809-049226D9D914,44415251-58D8-01D7-3809-000000000000,584f4251-4000-0000-1000-000000000004,AMD Ryzen Threadripper 2950X 16-Core Processor,16,Completed,ds2,204,4
170509,Risk,2021-03-19 02:36:23,2021-03-19 02:54:31,985,91,1,0,4F424F4D-58D8-01D7-3653-00D861156A24,44415251-58D8-01D7-3653-000000000000,584f4251-4000-0000-1001-000000000004,AMD Ryzen 7 2700X Eight-Core Processor,8,Preempted,ds745,124,4
2092523,3DRender,2022-03-03 20:38:41,2022-03-03 20:50:13,688,1,1,2,4F424F4D-58D8-01D7-3863-00D8611556E4,44415251-58D8-01D7-3863-000000000000,584f4251-4000-0000-1001-000000000003,AMD Ryzen 7 2700X Eight-Core Processor,8,Completed,ds20,167,3
1222730,3DRender,2021-09-29 11:08:17,2021-09-29 11:12:18,144,91,1,2,4F424F4D-58D8-00D7-A70E-00D8619C771D,44415251-58D8-00D7-A70E-000000000000,584f4251-4000-0000-1000-000000000015,AMD Ryzen 7 2700X Eight-Core Processor,8,Completed,ds849,49,2
3255887,3DRender,2022-08-12 10:54:59,2022-08-12 10:56:00,58,1,1,1,4F424F4D-58D8-00D7-A59A-00D8619C756A,44415251-58D8-00D7-A59A-000000000000,584f4251-4000-0000-1000-000000000019,AMD Ryzen 7 2700X Eight-Core Processor,8,Completed,ds5,84,2
1333203,3DRender,2021-10-17 12:50:36,2021-10-17 12:59:53,451,97,7,1,4F424F4D-58D8-00D7-A5E8-00D8619C7745,44415251-58D8-00D7-A5E8-000000000000,584f4251-4000-0000-1000-000000000019,AMD Ryzen 7 2700X Eight-Core Processor,8,Completed,ds1,156,4
365224,3DRender,2021-04-30 18:49:09,2021-04-30 18:53:59,151,126,1,9,4F424F4D-58D8-01D7-36C2-049226D9D917,44415251-58D8-01D7-36C2-000000000000,584f4251-4000-0000-1000-000000000004,AMD Ryzen Threadripper 2950X 16-Core Processor,16,Completed,ds664,119,2
677816,3DRender,2021-06-15 21:35:36,2021-06-15 21:40:15,204,59,12,1,4F424F4D-58D8-01D7-36E9-00D8617B5E81,44415251-58D8-01D7-36E9-000000000000,584f4251-3000-0000-2000-000000000006,AMD Ryzen 7 2700 Eight-Core Processor,8,Completed,ds2,204,4
847061,Risk,2021-07-10 06:32:42,2021-07-10 06:34:26,13,64,8,0,4F424F4D-58D8-01D7-3AB5-00D861C8FB49,44415251-58D8-01D7-3AB5-000000000000,584f4251-3000-0000-2000-000000000002,AMD Ryzen 7 2700 Eight-Core Processor,8,Preempted,ds20,167,2
532733,3DRender,2021-05-20 21:20:18,2021-05-20 21:20:20,0,0,1,1,4F424F4D-ADF0-084E-AC6B-049226DA3E22,44415251-ADF0-084E-AC6B-000000000000,584f4251-4000-0000-1000-000000000006,AMD Ryzen Threadripper 2990WX 32-Core Processor,32,Failed,ds9,149,4
448966,3DRender,2021-05-08 01:53:11,2021-05-08 02:00:07,352,60,1,2,4F424F4D-58D8-01D7-3B03-00D861C8FAB9,44415251-58D8-01D7-3B03-000000000000,584f4251-3000-0000-2000-000000000002,AMD Ryzen 7 2700 Eight-Core Processor,8,Completed,ds1,156,4
1464957,3DRender,2021-11-08 11:05:03,2021-11-08 11:05:30,0,0,23,0,4F424F4D-58D8-01D7-3758-00D8619C74B2,44415251-58D8-01D7-3758-000000000000,584f4251-4000-0000-1000-000000000017,AMD Ryzen 7 2700X Eight-Core Processor,8,Preempted,ds1,156,1
451990,Risk,2021-05-09 11:40:43,2021-05-09 11:44:00,58,102,22,0,4F424F4D-58D8-01D7-3653-00D861156AAF,44415251-58D8-01D7-3653-000000000000,584f4251-4000-0000-1001-000000000004,AMD Ryzen 7 2700X Eight-Core Processor,8,Preempted,ds1,156,1
2084668,3DRender,2022-03-02 21:21:34,2022-03-02 21:23:30,99,1,1,2,4F424F4D-58D8-01D7-38BD-049226DA6401,44415251-58D8-01D7-38BD-000000000000,584f4251-4000-0000-1000-000000000006,AMD Ryzen Threadripper 2990WX 32-Core Processor,32,Completed,ds1,156,3
2517761,3DRender,2022-05-05 14:49:33,2022-05-05 14:50:15,38,1,1,2,4F424F4D-58D8-00D7-B077-049226DA3C83,44415251-58D8-00D7-B077-000000000000,584f4251-4000-0000-1000-000000000016,AMD Ryzen Threadripper 2990WX 32-Core Processor,32,Completed,ds2,204,3
130811,Risk,2021-03-04 21:27:48,2021-03-05 05:22:46,28339,151,1,0,4F424F4D-58D8-01D7-3842-00D8619C7380,44415251-58D8-01D7-3842-000000000000,584f4251-4000-0000-1001-000000000005,AMD Ryzen 7 2700X Eight-Core Processor,8,Preempted,ds364,210,0
1466600,3DRender,2021-11-08 15:50:36,2021-11-08 15:54:22,108,99,16,1,4F424F4D-58D8-01D7-3758-00D8619C74C0,44415251-58D8-01D7-3758-000000000000,584f4251-4000-0000-1000-000000000017,AMD Ryzen 7 2700X Eight-Core Processor,8,Failed,ds1,156,4
948642,Risk,2021-07-29 05:33:59,2021-07-29 05:37:27,0,121,83,0,4F424F4D-ADF0-084E-AC09-00D8619C745A,44415251-ADF0-084E-AC09-000000000000,584f4251-4000-0000-1000-000000000012,AMD Ryzen 7 2700X Eight-Core Processor,8,Preempted,ds86,211,3
409685,3DRender,2021-05-05 01:13:56,2021-05-05 01:14:15,0,13,2,0,4F424F4D-58D8-01D7-36C2-049226D9D9A7,44415251-58D8-01D7-36C2-000000000000,584f4251-4000-0000-1000-000000000004,AMD Ryzen Threadripper 2950X 16-Core Processor,16,Preempted,ds884,213,4
104162,Risk,2021-02-23 06:37:00,2021-02-23 06:47:20,529,79,6,0,4F424F4D-58D8-01D7-3863-00D861155656,44415251-58D8-01D7-3863-000000000000,584f4251-4000-0000-1001-000000000003,AMD Ryzen 7 2700X Eight-Core Processor,8,Preempted,ds2,204,3
1776327,3DRender,2022-01-23 15:04:26,2022-01-23 15:07:07,157,1,1,3,4F424F4D-58D8-01D7-38BD-00D8617B0B64,44415251-58D8-01D7-38BD-000000000000,584f4251-4000-0000-1000-000000000006,AMD Ryzen Threadripper 2990WX 32-Core Processor,32,Completed,ds355,162,3
31080,Risk,2021-02-03 19:30:19,2021-02-03 21:37:13,7531,77,1,0,4F424F4D-58D8-01D7-3863-00D861155614,44415251-58D8-01D7-3863-000000000000,584f4251-4000-0000-1001-000000000003,AMD Ryzen 7 2700X Eight-Core Processor,8,Preempted,ds1,156,1
486134,3DRender,2021-05-14 13:44:05,2021-05-14 13:49:52,292,54,1,1,4F424F4D-58D8-00D7-B2E7-00D861C8FB1E,44415251-58D8-00D7-B2E7-000000000000,584f4251-2000-0000-0001-000000000002,AMD Ryzen 7 2700X Eight-Core Processor,8,Completed,ds1,156,2
448935,3DRender,2021-05-08 01:51:43,2021-05-08 01:58:04,297,67,11,3,4F424F4D-58D8-01D7-3AEE-00D8617B6155,44415251-58D8-01D7-3AEE-000000000000,584f4251-2001-0000-0000-000000000001,AMD Ryzen 7 2700 Eight-Core Processor,8,Completed,ds73,23,3
3595881,3DRender,2022-10-13 12:42:43,2022-10-13 12:46:57,64,186,1,2,4F424F4D-58D8-00D7-B137-00D8611569FD,44415251-58D8-00D7-B137-000000000000,584f4251-4000-0000-1001-000000000005,AMD Ryzen 7 2700X Eight-Core Processor,8,Completed,ds78,182,4
3450915,3DRender,2022-09-22 14:55:47,2022-09-22 14:58:59,191,1,1,1,4F424F4D-58D8-00D7-B137-00D86115697E,44415251-58D8-00D7-B137-000000000000,584f4251-4000-0000-1001-000000000005,AMD Ryzen 7 2700X Eight-Core Processor,8,Completed,ds95,254,2
125856,3DRender,2021-03-03 00:09:44,2021-03-03 00:42:45,1900,63,1,0,4F424F4D-58D8-01D7-3B00-00D861C8FCD3,44415251-58D8-01D7-3B00-000000000000,584f4251-2001-0000-0000-000000000001,AMD Ryzen 7 2700 Eight-Core Processor,8,Preempted,ds1,156,3
315903,Risk,2021-04-21 00:05:20,2021-04-25 05:45:16,365884,100,4,0,4F424F4D-58D8-00D7-B158-00D86115554E,44415251-58D8-00D7-B158-000000000000,584f4251-4000-0000-1001-000000000005,AMD Ryzen 7 2700X Eight-Core Processor,8,Preempted,ds216,17,0
2318068,3DRender,2022-04-09 23:14:32,2022-04-09 23:23:13,398,120,1,0,4F424F4D-58D8-01D7-38BD-00D8617B0EDF,44415251-58D8-01D7-38BD-000000000000,584f4251-4000-0000-1000-000000000006,AMD Ryzen Threadripper 2990WX 32-Core Processor,32,Cancelled,ds849,49,3
2697476,3DRender,2022-06-03 15:34:34,2022-06-03 15:36:58,140,1,1,3,4F424F4D-58D8-01D7-0A2B-00D8617B0BB8,44415251-58D8-01D7-0A2B-000000000000,584f4251-4000-0000-1000-000000000016,AMD Ryzen Threadripper 2990WX 32-Core Processor,32,Completed,ds20,167,0
1366427,3DRender,2021-10-21 21:33:31,2021-10-21 21:37:05,100,104,1,0,4F424F4D-58D8-01D7-3842-00D8619C7350,44415251-58D8-01D7-3842-000000000000,584f4251-4000-0000-1001-000000000005,AMD Ryzen 7 2700X Eight-Core Processor,8,Preempted,ds29,96,1
1192034,3DRender,2021-09-24 11:20:29,2021-09-24 11:33:51,704,95,1,2,4F424F4D-58D8-01D7-3758-00D8619C7846,44415251-58D8-01D7-3758-000000000000,584f4251-4000-0000-1000-000000000017,AMD Ryzen 7 2700X Eight-Core Processor,8,Completed,ds30,201,0
266109,3DRender,2021-04-20 15:59:09,2021-04-20 16:16:45,243,805,3,3,4F424F4D-58D8-01D7-36C2-049226D9D8DE,44415251-58D8-01D7-36C2-000000000000,584f4251-4000-0000-1000-000000000004,AMD Ryzen Threadripper 2950X 16-Core Processor,16,Completed,ds582,4,1
3591239,3DRender,2022-10-12 17:59:51,2022-10-12 18:09:38,581,1,1,5,4F424F4D-58D8-00D7-A606-00D8619C7399,44415251-58D8-00D7-A606-000000000000,584f4251-4000-0000-1000-000000000015,AMD Ryzen 7 2700X Eight-Core Processor,8,Completed,ds2,204,1
1345024,3DRender,2021-10-18 07:01:19,2021-10-18 07:08:41,346,95,1,1,4F424F4D-58D8-00D7-B104-00D8619C7415,44415251-58D8-00D7-B104-000000000000,584f4251-4000-0000-1000-000000000017,AMD Ryzen 7 2700X Eight-Core Processor,8,Completed,ds857,52,4
1370636,Risk,2021-10-22 07:29:56,2021-10-22 08:23:45,2976,155,93,0,4F424F4D-ADF0-084E-ABEE-00D8619C73AD,44415251-ADF0-084E-ABEE-000000000000,584f4251-4000-0000-1000-000000000012,AMD Ryzen 7 2700X Eight-Core Processor,8,Cancelled,ds1,156,1
1574676,3DRender,2021-12-06 17:50:40,2021-12-06 17:52:06,80,1,1,5,4F424F4D-58D8-00D7-AF51-049226D9D91C,44415251-58D8-00D7-AF51-000000000000,584f4251-4000-0000-1000-000000000006,AMD Ryzen Threadripper 2990WX 32-Core Processor,32,Completed,ds68,104,3
3093832,3DRender,2022-07-19 18:29:10,2022-07-19 18:40:45,385,224,82,1,4F424F4D-58D8-01D7-3758-00D8619C73E9,44415251-58D8-01D7-3758-000000000000,584f4251-4000-0000-1000-000000000017,AMD Ryzen 7 2700X Eight-Core Processor,8,Completed,ds2,204,3
2753680,Risk,2022-06-09 18:34:24,2022-06-10 13:59:12,69634,240,4,1,4F424F4D-58D8-01D7-3842-00D8619C7882,44415251-58D8-01D7-3842-000000000000,584f4251-4000-0000-1001-000000000005,AMD Ryzen 7 2700X Eight-Core Processor,8,Preempted,ds6,143,0
2678902,3DRender,2022-06-01 11:54:27,2022-06-01 11:58:03,116,99,1,1,4F424F4D-58D8-01D7-3695-00D8617B0CC7,44415251-58D8-01D7-3695-000000000000,584f4251-4000-0000-1001-000000000006,AMD Ryzen Threadripper 2950X 16-Core Processor,16,Completed,ds1,156,3
1960601,Risk,2022-02-12 17:02:04,2022-02-12 17:05:10,0,0,179,1,4F424F4D-58D8-01D7-36E9-00D8617B5DB0,44415251-58D8-01D7-36E9-000000000000,584f4251-3000-0000-2000-000000000006,AMD Ryzen 7 2700 Eight-Core Processor,8,Failed,ds14,28,2
699265,Risk,2021-06-19 13:41:48,2021-06-19 23:37:58,35659,60,29,0,4F424F4D-58D8-01D7-3B03-00D861C8FA9D,44415251-58D8-01D7-3B03-000000000000,584f4251-3000-0000-2000-000000000002,AMD Ryzen 7 2700 Eight-Core Processor,8,Preempted,ds129,94,3
2129,3DRender,2021-01-27 01:19:02,2021-01-27 01:22:23,126,71,1,2,4F424F4D-58D8-00D7-B155-00D8617B5E6E,44415251-58D8-00D7-B155-000000000000,584f4251-2001-0000-0000-000000000002,AMD Ryzen 7 2700 Eight-Core Processor,8,Completed,ds47,134,0
506031,3DRender,2021-05-15 06:00:55,2021-05-15 06:03:22,132,1,11,2,4F424F4D-58D8-00D7-B128-00D861C1E9B0,44415251-58D8-00D7-B128-000000000000,584f4251-2000-0000-0001-000000000001,AMD Ryzen 7 2700X Eight-Core Processor,8,Completed,ds652,198,0
1824702,3DRender,2022-01-31 00:15:45,2022-01-31 00:18:57,67,83,38,2,4F424F4D-58D8-00D7-B08F-00D8611556B1,44415251-58D8-00D7-B08F-000000000000,584f4251-4000-0000-1001-000000000001,AMD Ryzen 7 2700X Eight-Core Processor,8,Completed,ds1,156,3
1185669,3DRender,2021-09-23 10:24:10,2021-09-23 10:26:38,44,98,3,1,4F424F4D-58D8-01D7-37A3-00D8611555AA,44415251-58D8-01D7-37A3-000000000000,584f4251-4000-0000-1001-000000000003,AMD Ryzen 7 2700X Eight-Core Processor,8,Completed,ds1,156,1
974368,Risk,2021-08-06 07:27:17,2021-08-06 07:31:35,57,187,1,0,4F424F4D-ADF0-084E-AC68-00D86115571D,44415251-ADF0-084E-AC68-000000000000,584f4251-4000-0000-1001-000000000004,AMD Ryzen 7 2700X Eight-Core Processor,8,Preempted,ds1,156,3
2960956,3DRender,2022-06-30 23:07:17,2022-06-30 23:10:51,210,1,1,3,4F424F4D-ADF0-084E-ABEE-00D8619C78C9,44415251-ADF0-084E-ABEE-000000000000,584f4251-4000-0000-1000-000000000012,AMD Ryzen 7 2700X Eight-Core Processor,8,Completed,ds172,3,2
1395723,Risk,2021-10-26 03:39:17,2021-10-26 03:40:27,0,9,56,1,4F424F4D-58D8-01D7-37A3-00D8611555DB,44415251-58D8-01D7-37A3-000000000000,584f4251-4000-0000-1001-000000000003,AMD Ryzen 7 2700X Eight-Core Processor,8,Preempted,ds1,156,4
601387,Risk,2021-06-03 11:17:46,2021-06-03 11:28:20,246,373,1,0,4F424F4D-ADF0-084E-AC68-00D861156ABF,44415251-ADF0-084E-AC68-000000000000,584f4251-4000-0000-1001-000000000004,AMD Ryzen 7 2700X Eight-Core Processor,8,Preempted,ds955,30,2
396139,3DRender,2021-05-03 23:34:59,2021-05-03 23:38:45,87,133,6,1,4F424F4D-58D8-01D7-36C2-049226D9DAE5,44415251-58D8-01D7-36C2-000000000000,584f4251-4000-0000-1000-000000000004,AMD Ryzen Threadripper 2950X 16-Core Processor,16,Completed,ds123,28,4
3127376,3DRender,2022-07-21 13:55:21,2022-07-21 14:06:35,249,267,150,0,4F424F4D-58D8-01D7-38BD-049226D9B66B,44415251-58D8-01D7-38BD-000000000000,584f4251-4000-0000-1000-000000000006,AMD Ryzen Threadripper 2990WX 32-Core Processor,32,Preempted,ds16,208,4
1801188,3DRender,2022-01-26 15:35:19,2022-01-26 15:36:57,0,91,1,0,4F424F4D-58D8-01D7-3A37-00D861C8FAF3,44415251-58D8-01D7-3A37-000000000000,584f4251-3000-0000-2000-000000000002,AMD Ryzen 7 2700 Eight-Core Processor,8,Preempted,ds6,143,3
1693064,Risk,2022-01-10 04:37:41,2022-01-10 04:43:25,87,64,1,2,4F424F4D-58D8-01D7-3AB5-00D861C8FAE7,44415251-58D8-01D7-3AB5-000000000000,584f4251-3000-0000-2000-000000000002,AMD Ryzen 7 2700 Eight-Core Processor,8,Preempted,ds4,254,4
2902601,Risk,2022-06-24 14:58:16,2022-06-24 15:06:25,302,184,1,1,4F424F4D-58D8-01D7-35BD-00D861156AB2,44415251-58D8-01D7-35BD-000000000000,584f4251-4000-0000-1001-000000000003,AMD Ryzen 7 2700X Eight-Core Processor,8,Preempted,ds769,195,2
2853787,3DRender,2022-06-20 13:17:56,2022-06-20 13:36:55,483,121,533,1,4F424F4D-58D8-01D7-3A91-00D8617B0C4D,44415251-58D8-01D7-3A91-000000000000,584f4251-4000-0000-1000-000000000006,AMD Ryzen Threadripper 2990WX 32-Core Processor,32,Completed,ds964,57,3
2688423,3DRender,2022-06-02 15:52:29,2022-06-02 15:55:52,28,64,105,1,4F424F4D-58D8-01D7-3AF1-00D861C8FD85,44415251-58D8-01D7-3AF1-000000000000,584f4251-3000-0000-2000-000000000002,AMD Ryzen 7 2700 Eight-Core Processor,8,Failed,ds2,204,1
458783,Risk,2021-05-11 16:19:12,2021-05-12 08:07:49,56787,101,7,0,4F424F4D-ADF0-084E-ABEE-00D8619C73AA,44415251-ADF0-084E-ABEE-000000000000,584f4251-4000-0000-1000-000000000012,AMD Ryzen 7 2700X Eight-Core Processor,8,Preempted,ds16,208,2
2432257,3DRender,2022-04-24 11:10:14,2022-04-24 11:11:36,78,1,1,2,4F424F4D-58D8-00D7-B137-00D861156A0F,44415251-58D8-00D7-B137-000000000000,584f4251-4000-0000-1001-000000000005,AMD Ryzen 7 2700X Eight-Core Processor,8,Completed,ds1,156,2
130193,Risk,2021-03-05 01:52:46,2021-03-05 01:54:15,0,51,29,0,4F424F4D-58D8-01D7-3AF1-00D861C8FD85,44415251-58D8-01D7-3AF1-000000000000,584f4251-3000-0000-2000-000000000002,AMD Ryzen 7 2700 Eight-Core Processor,8,Preempted,ds213,170,2
2619659,3DRender,2022-05-23 23:41:39,2022-05-23 23:46:24,23,101,154,5,4F424F4D-ADF0-084E-ABC6-00D8619C732D,44415251-ADF0-084E-ABC6-000000000000,584f4251-4000-0000-1000-000000000012,AMD Ryzen 7 2700X Eight-Core Processor,8,Completed,ds13,99,3
954765,Risk,2021-07-30 22:19:45,2021-07-30 22:23:45,65,101,53,0,4F424F4D-58D8-01D7-3863-00D861155715,44415251-58D8-01D7-3863-000000000000,584f4251-4000-0000-1001-000000000003,AMD Ryzen 7 2700X Eight-Core Processor,8,Preempted,ds1,156,2
2952700,3DRender,2022-06-29 16:49:07,2022-06-29 16:52:30,201,1,1,2,4F424F4D-58D8-01D7-3A6D-00D861155589,44415251-58D8-01D7-3A6D-000000000000,584f4251-4000-0000-1001-000000000004,AMD Ryzen 7 2700X Eight-Core Processor,8,Completed,ds877,30,2
2532168,3DRender,2022-05-06 13:27:54,2022-05-06 15:03:44,5390,81,273,2,4F424F4D-58D8-01D7-3AF1-00D861C8FB3D,44415251-58D8-01D7-3AF1-000000000000,584f4251-3000-0000-2000-000000000002,AMD Ryzen 7 2700 Eight-Core Processor,8,Completed,ds1,156,1
890209,3DRender,2021-07-15 22:49:08,2021-07-15 22:50:12,4,59,1,1,4F424F4D-58D8-01D7-3AF1-00D861C8FB76,44415251-58D8-01D7-3AF1-000000000000,584f4251-3000-0000-2000-000000000002,AMD Ryzen 7 2700 Eight-Core Processor,8,Failed,ds1,156,2
3319969,3DRender,2022-08-25 15:49:30,2022-08-25 16:51:17,3065,373,262,4,4F424F4D-ADF0-084E-AC6B-049226DA3CC9,44415251-ADF0-084E-AC6B-000000000000,584f4251-4000-0000-1000-000000000006,AMD Ryzen Threadripper 2990WX 32-Core Processor,32,Completed,ds6,143,0
3540109,3DRender,2022-10-03 14:30:22,2022-10-03 14:31:41,76,1,1,2,4F424F4D-58D8-00D7-B194-00D861C8FC54,44415251-58D8-00D7-B194-000000000000,584f4251-2000-0000-0001-000000000001,AMD Ryzen 7 2700X Eight-Core Processor,8,Completed,ds969,6,0
1355561,3DRender,2021-10-20 13:54:42,2021-10-20 14:02:07,340,102,1,3,4F424F4D-58D8-01D7-3746-00D8617B0B7A,44415251-58D8-01D7-3746-000000000000,584f4251-4000-0000-1000-000000000002,AMD Ryzen Threadripper 2950X 16-Core Processor,16,Completed,ds1,156,4
2297930,3DRender,2022-04-04 14:42:05,2022-04-04 15:02:35,953,76,39,158,4F424F4D-58D8-01D7-3B03-00D861C8FAAE,44415251-58D8-01D7-3B03-000000000000,584f4251-3000-0000-2000-000000000002,AMD Ryzen 7 2700 Eight-Core Processor,8,Completed,ds268,203,2
3046322,Risk,2022-07-13 16:26:35,2022-07-13 18:22:16,6706,197,28,0,4F424F4D-ADF0-084E-AC68-00D8611555A4,44415251-ADF0-084E-AC68-000000000000,584f4251-4000-0000-1001-000000000004,AMD Ryzen 7 2700X Eight-Core Processor,8,Preempted,ds3,101,4
2141034,3DRender,2022-03-09 01:29:38,2022-03-09 01:59:00,1410,335,13,3,4F424F4D-58D8-01D7-3695-00D86157814B,44415251-58D8-01D7-3695-000000000000,584f4251-4000-0000-1001-000000000006,AMD Ryzen Threadripper 2950X 16-Core Processor,16,Completed,ds6,143,0
726274,3DRender,2021-06-25 18:27:24,2021-06-25 18:31:14,154,72,1,2,4F424F4D-58D8-01D7-3AEE-00D8617B61A6,44415251-58D8-01D7-3AEE-000000000000,584f4251-2001-0000-0000-000000000001,AMD Ryzen 7 2700 Eight-Core Processor,8,Completed,ds38,147,0
3424634,3DRender,2022-09-12 19:54:50,2022-09-12 20:03:22,328,171,9,4,4F424F4D-58D8-01D7-3A91-00D8617B0B3A,44415251-58D8-01D7-3A91-000000000000,584f4251-4000-0000-1000-000000000006,AMD Ryzen Threadripper 2990WX 32-Core Processor,32,Completed,ds5,84,1
3579740,3DRender,2022-10-11 18:42:11,2022-10-11 19:22:52,493,165,1780,2,4F424F4D-58D8-01D7-38BD-00D8617B0C0C,44415251-58D8-01D7-38BD-000000000000,584f4251-4000-0000-1000-000000000006,AMD Ryzen Threadripper 2990WX 32-Core Processor,32,Completed,ds13,99,4
2902275,3DRender,2022-06-24 13:44:37,2022-06-24 13:53:40,230,114,159,40,4F424F4D-58D8-01D7-3A6D-00D861156981,44415251-58D8-01D7-3A6D-000000000000,584f4251-4000-0000-1001-000000000004,AMD Ryzen 7 2700X Eight-Core Processor,8,Completed,ds5,84,0
3152588,3DRender,2022-07-26 13:01:50,2022-07-26 13:06:25,45,213,14,2,4F424F4D-58D8-00D7-AF51-049226D9D91C,44415251-58D8-00D7-AF51-000000000000,584f4251-4000-0000-1000-000000000006,AMD Ryzen Threadripper 2990WX 32-Core Processor,32,Completed,ds2,204,1
1875461,Risk,2022-02-03 21:15:13,2022-02-03 21:17:40,0,96,47,1,4F424F4D-58D8-01D7-3AA6-00D861C8FB05,44415251-58D8-01D7-3AA6-000000000000,584f4251-3000-0000-2000-000000000003,AMD Ryzen 7 2700 Eight-Core Processor,8,Preempted,ds9,149,4
897338,3DRender,2021-07-17 03:46:02,2021-07-17 03:48:44,95,62,1,4,4F424F4D-58D8-01D7-3AEE-00D861C8FC76,44415251-58D8-01D7-3AEE-000000000000,584f4251-2001-0000-0000-000000000001,AMD Ryzen 7 2700 Eight-Core Processor,8,Failed,ds4,254,0
314607,3DRender,2021-04-25 00:57:37,2021-04-25 01:01:38,61,177,1,1,4F424F4D-58D8-01D7-36C2-049226DA65C2,44415251-58D8-01D7-36C2-000000000000,584f4251-4000-0000-1000-000000000004,AMD Ryzen Threadripper 2950X 16-Core Processor,16,Failed,ds15,8,2
1321719,3DRender,2021-10-16 16:43:01,2021-10-16 16:54:35,608,77,5,3,4F424F4D-58D8-01D7-384B-00D8619C7654,44415251-58D8-01D7-384B-000000000000,584f4251-4000-0000-1001-000000000001,AMD Ryzen 7 2700X Eight-Core Processor,8,Completed,ds1,156,2
1205176,3DRender,2021-09-27 12:27:39,2021-09-27 19:24:34,24902,94,13,2,4F424F4D-58D8-01D7-3863-00D8611555DD,44415251-58D8-01D7-3863-000000000000,584f4251-4000-0000-1001-000000000003,AMD Ryzen 7 2700X Eight-Core Processor,8,Completed,ds101,231,0
2743625,3DRender,2022-06-09 10:16:51,2022-06-09 10:17:18,25,1,1,1,4F424F4D-58D8-01D7-3695-00D8617B0BC0,44415251-58D8-01D7-3695-000000000000,584f4251-4000-0000-1001-000000000006,AMD Ryzen Threadripper 2950X 16-Core Processor,16,Completed,ds6,143,2
286797,3DRender,2021-04-22 02:48:45,2021-04-22 02:55:38,34,366,2,1,4F424F4D-58D8-01D7-36C2-049226DA64DD,44415251-58D8-01D7-36C2-000000000000,584f4251-4000-0000-1000-000000000004,AMD Ryzen Threadripper 2950X 16-Core Processor,16,Failed,ds22,161,3
3255824,3DRender,2022-08-12 10:53:33,2022-08-12 10:54:41,67,1,1,1,4F424F4D-58D8-00D7-A59A-00D8619C76C0,44415251-58D8-00D7-A59A-000000000000,584f4251-4000-0000-1000-000000000019,AMD Ryzen 7 2700X Eight-Core Processor,8,Completed,ds2,204,4
2461428,Risk,2022-04-27 08:45:38,2022-04-28 11:28:46,96074,108,3,1,4F424F4D-58D8-01D7-3842-00D8619C7361,44415251-58D8-01D7-3842-000000000000,584f4251-4000-0000-1001-000000000005,AMD Ryzen 7 2700X Eight-Core Processor,8,Cancelled,ds27,131,0
2629405,3DRender,2022-05-25 10:22:07,2022-05-25 10:24:24,92,38,1,6,4F424F4D-ADF0-084E-ABC1-049226DA3D56,44415251-ADF0-084E-ABC1-000000000000,584f4251-4000-0000-1000-000000000016,AMD Ryzen Threadripper 2990WX 32-Core Processor,32,Completed,ds1,156,1
3450602,3DRender,2022-09-22 14:37:49,2022-09-22 14:40:43,171,1,1,1,4F424F4D-58D8-00D7-B137-00D861156AC1,44415251-58D8-00D7-B137-000000000000,584f4251-4000-0000-1001-000000000005,AMD Ryzen 7 2700X Eight-Core Processor,8,Completed,ds829,222,1
2922806,Risk,2022-06-27 18:02:17,2022-06-27 18:09:30,319,111,1,1,4F424F4D-58D8-01D7-35BD-00D861156B41,44415251-58D8-01D7-35BD-000000000000,584f4251-4000-0000-1001-000000000003,AMD Ryzen 7 2700X Eight-Core Processor,8,Preempted,ds650,185,3
2039033,3DRender,2022-02-24 11:53:03,2022-02-24 11:56:58,231,1,1,2,4F424F4D-58D8-00D7-AF51-049226D9B662,44415251-58D8-00D7-AF51-000000000000,584f4251-4000-0000-1000-000000000006,AMD Ryzen Threadripper 2990WX 32-Core Processor,32,Completed,ds5,84,3
571961,3DRender,2021-05-27 21:07:05,2021-05-27 21:08:02,47,6,1,2,4F424F4D-58D8-01D7-36C2-049226DA3D29,44415251-58D8-01D7-36C2-000000000000,584f4251-4000-0000-1000-000000000004,AMD Ryzen Threadripper 2950X 16-Core Processor,16,Completed,ds667,253,1
645479,3DRender,2021-06-10 14:29:25,2021-06-10 14:32:43,100,95,1,3,4F424F4D-58D8-01D7-3A6D-00D861156A81,44415251-58D8-01D7-3A6D-000000000000,584f4251-4000-0000-1001-000000000004,AMD Ryzen 7 2700X Eight-Core Processor,8,Completed,ds1,156,2
2293336,3DRender,2022-04-02 22:56:32,2022-04-03 00:39:14,6156,1,1,5,4F424F4D-58D8-01D7-386F-2CF05D7ECC63,44415251-58D8-01D7-386F-000000000000,584f4251-3000-0000-2000-000000000001,AMD Ryzen 7 3700X 8-Core Processor,8,Completed,ds1,156,3
980213,3DRender,2021-08-09 09:42:54,2021-08-09 09:53:00,604,1,1,1,4F424F4D-58D8-00D7-B137-00D8611569FF,44415251-58D8-00D7-B137-000000000000,584f4251-4000-0000-1001-000000000005,AMD Ryzen 7 2700X Eight-Core Processor,8,Completed,ds1,156,2
2449532,Risk,2022-04-26 21:32:50,2022-04-26 21:35:58,0,0,179,1,4F424F4D-58D8-01D7-35BD-00D86115696E,44415251-58D8-01D7-35BD-000000000000,584f4251-4000-0000-1001-000000000003,AMD Ryzen 7 2700X Eight-Core Processor,8,Failed,ds934,39,2
3008715,3DRender,2022-07-07 14:10:09,2022-07-07 14:10:41,30,1,1,1,4F424F4D-58D8-01D7-365F-00D86157850C,44415251-58D8-01D7-365F-000000000000,584f4251-4000-0000-1001-000000000006,AMD Ryzen Threadripper 2950X 16-Core Processor,16,Completed,ds2,204,3
201669,3DRender,2021-03-27 11:15:20,2021-03-27 11:16:43,3,73,5,1,4F424F4D-58D8-00D7-B137-00D861156DF3,44415251-58D8-00D7-B137-000000000000,584f4251-4000-0000-1001-000000000005,AMD Ryzen 7 2700X Eight-Core Processor,8,Failed,ds1,156,0
495745,3DRender,2021-05-14 21:37:59,2021-05-14 21:43:20,263,56,1,2,4F424F4D-58D8-00D7-B1BB-00D861C8FB69,44415251-58D8-00D7-B1BB-000000000000,584f4251-2000-0000-0001-000000000001,AMD Ryzen 7 2700X Eight-Core Processor,8,Completed,ds5,84,1
105267,3DRender,2021-02-23 13:19:51,2021-02-23 13:50:11,1738,76,3,0,4F424F4D-ADF0-084E-AC68-00D8611555DC,44415251-ADF0-084E-AC68-000000000000,584f4251-4000-0000-1001-000000000004,AMD Ryzen 7 2700X Eight-Core Processor,8,Preempted,ds2,204,1
1691657,3DRender,2022-01-09 14:58:23,2022-01-09 14:59:05,39,1,1,2,4F424F4D-58D8-01D7-3B03-00D861C8FAAD,44415251-58D8-01D7-3B03-000000000000,584f4251-3000-0000-2000-000000000002,AMD Ryzen 7 2700 Eight-Core Processor,8,Completed,ds84,147,3
277448,3DRender,2021-04-21 10:51:08,2021-04-21 10:54:09,109,70,1,1,4F424F4D-58D8-01D7-3B00-00D861C8FB36,44415251-58D8-01D7-3B00-000000000000,584f4251-2001-0000-0000-000000000001,AMD Ryzen 7 2700 Eight-Core Processor,8,Completed,ds3,101,2
3433401,3DRender,2022-09-17 01:16:12,2022-09-17 01:18:58,162,1,1,3,4F424F4D-ADF0-084E-AC2E-00D8619C75FF,44415251-ADF0-084E-AC2E-000000000000,584f4251-4000-0000-1000-000000000017,AMD Ryzen 7 2700X Eight-Core Processor,8,Completed,ds688,171,2
1797664,3DRender,2022-01-26 11:34:54,2022-01-26 11:36:02,0,55,7,0,4F424F4D-58D8-00D7-B065-00D861C8FB9F,44415251-58D8-00D7-B065-000000000000,584f4251-2000-0000-0001-000000000002,AMD Ryzen 7 2700X Eight-Core Processor,8,Preempted,ds40,52,4
1755539,Risk,2022-01-13 06:37:10,2022-01-20 10:57:50,620305,101,26,1,4F424F4D-58D8-00D7-B137-00D861156A89,44415251-58D8-00D7-B137-000000000000,584f4251-4000-0000-1001-000000000005,AMD Ryzen 7 2700X Eight-Core Processor,8,Cancelled,ds1,156,2
1384367,3DRender,2021-10-23 18:18:11,2021-10-23 18:43:01,1429,51,8,1,4F424F4D-58D8-00D7-AF24-00D861C8FB9C,44415251-58D8-00D7-AF24-000000000000,584f4251-2000-0000-0001-000000000001,AMD Ryzen 7 2700X Eight-Core Processor,8,Completed,ds10,52,2
465527,3DRender,2021-05-12 17:24:09,2021-05-12 17:29:55,275,59,9,2,4F424F4D-58D8-00D7-AEFA-00D861C8FBE2,44415251-58D8-00D7-AEFA-000000000000,584f4251-2000-0000-0001-000000000003,AMD Ryzen 7 2700X Eight-Core Processor,8,Completed,ds820,139,0
472994,3DRender,2021-05-13 21:09:53,2021-05-13 21:15:17,0,321,1,0,4F424F4D-58D8-01D7-3809-049226DA3CBC,44415251-58D8-01D7-3809-000000000000,584f4251-4000-0000-1000-000000000004,AMD Ryzen Threadripper 2950X 16-Core Processor,16,Preempted,ds587,233,4
724710,3DRender,2021-06-25 13:56:33,2021-06-25 13:56:42,1,1,1,0,4F424F4D-58D8-01D7-3B00-00D861C8FB2E,44415251-58D8-01D7-3B00-000000000000,584f4251-2001-0000-0000-000000000001,AMD Ryzen 7 2700 Eight-Core Processor,8,Preempted,ds6,143,4
647562,3DRender,2021-06-10 17:25:55,2021-06-10 17:29:41,120,98,6,1,4F424F4D-58D8-01D7-3A6D-00D861156A88,44415251-58D8-01D7-3A6D-000000000000,584f4251-4000-0000-1001-000000000004,AMD Ryzen 7 2700X Eight-Core Processor,8,Completed,ds3,101,1
610945,Risk,2021-06-06 16:41:21,2021-06-06 16:44:23,0,0,180,1,4F424F4D-58D8-01D7-3A6D-00D861156A81,44415251-58D8-01D7-3A6D-000000000000,584f4251-4000-0000-1001-000000000004,AMD Ryzen 7 2700X Eight-Core Processor,8,Failed,ds1,156,0
3045074,Risk,2022-07-13 15:28:26,2022-07-13 16:11:48,2469,123,4,0,4F424F4D-58D8-01D7-3848-00D861155646,44415251-58D8-01D7-3848-000000000000,584f4251-4000-0000-1001-000000000005,AMD Ryzen 7 2700X Eight-Core Processor,8,Cancelled,ds845,209,3
2939424,3DRender,2022-06-28 20:19:31,2022-06-28 20:26:24,410,1,1,2,4F424F4D-58D8-01D7-3A6D-00D86115557E,44415251-58D8-01D7-3A6D-000000000000,584f4251-4000-0000-1001-000000000004,AMD Ryzen 7 2700X Eight-Core Processor,8,Completed,ds1,156,4
1480355,Risk,2021-11-11 19:03:41,2021-11-11 19:04:53,0,68,1,1,4F424F4D-58D8-01D7-376A-00D8619C740B,44415251-58D8-01D7-376A-000000000000,584f4251-4000-0000-1001-000000000001,AMD Ryzen 7 2700X Eight-Core Processor,8,Preempted,ds5,84,4
78012,Risk,2021-02-11 11:12:32,2021-02-16 11:15:27,432050,110,9,0,4F424F4D-58D8-01D7-3842-00D8619C77DD,44415251-58D8-01D7-3842-000000000000,584f4251-4000-0000-1001-000000000005,AMD Ryzen 7 2700X Eight-Core Processor,8,Preempted,ds2,204,1
1339958,3DRender,2021-10-17 20:42:02,2021-10-17 20:45:05,173,1,1,0,4F424F4D-ADF0-084E-AC2E-00D8619C75FF,44415251-ADF0-084E-AC2E-000000000000,584f4251-4000-0000-1000-000000000017,AMD Ryzen 7 2700X Eight-Core Processor,8,Completed,ds1,156,0
1182948,3DRender,2021-09-22 21:46:03,2021-09-22 21:49:32,106,99,1,3,4F424F4D-58D8-00D7-B137-00D861156A0F,44415251-58D8-00D7-B137-000000000000,584f4251-4000-0000-1001-000000000005,AMD Ryzen 7 2700X Eight-Core Processor,8,Completed,ds9,149,2
3195928,3DRender,2022-08-02 16:38:55,2022-08-02 16:44:07,308,1,1,2,4F424F4D-58D8-00D7-A59A-00D8619C7412,44415251-58D8-00D7-A59A-000000000000,584f4251-4000-0000-1000-000000000019,AMD Ryzen 7 2700X Eight-Core Processor,8,Completed,ds404,136,0
1464986,3DRender,2021-11-08 11:02:42,2021-11-08 11:07:31,286,1,1,2,4F424F4D-58D8-00D7-B0AA-00D861C8FC45,44415251-58D8-00D7-B0AA-000000000000,584f4251-2000-0000-0001-000000000003,AMD Ryzen 7 2700X Eight-Core Processor,8,Completed,ds4,254,1
2819721,3DRender,2022-06-16 10:54:14,2022-06-16 10:56:48,151,1,1,1,4F424F4D-58D8-00D7-B137-00D861156A07,44415251-58D8-00D7-B137-000000000000,584f4251-4000-0000-1001-000000000005,AMD Ryzen 7 2700X Eight-Core Processor,8,Completed,ds118,95,0
2663122,3DRender,2022-05-31 16:59:01,2022-05-31 17:00:46,3,100,1,1,4F424F4D-58D8-00D7-A615-00D8619C7443,44415251-58D8-00D7-A615-000000000000,584f4251-4000-0000-1000-000000000015,AMD Ryzen 7 2700X Eight-Core Processor,8,Failed,ds9,149,2
2309145,3DRender,2022-04-07 09:24:52,2022-04-07 09:36:02,498,137,32,2,4F424F4D-ADF0-084E-ABC1-049226DA6497,44415251-ADF0-084E-ABC1-000000000000,584f4251-4000-0000-1000-000000000016,AMD Ryzen Threadripper 2990WX 32-Core Processor,32,Completed,ds2,204,0
3573994,3DRender,2022-10-10 13:51:12,2022-10-10 13:56:16,49,206,45,2,4F424F4D-58D8-00D7-AF51-049226DA6493,44415251-58D8-00D7-AF51-000000000000,584f4251-4000-0000-1000-000000000006,AMD Ryzen Threadripper 2990WX 32-Core Processor,32,Completed,ds1,156,2
2952290,3DRender,2022-06-29 16:32:04,2022-06-29 16:36:25,252,1,1,0,4F424F4D-58D8-00D7-B137-00D861156AC1,44415251-58D8-00D7-B137-000000000000,584f4251-4000-0000-1001-000000000005,AMD Ryzen 7 2700X Eight-Core Processor,8,Preempted,ds1,156,2
2497561,Risk,2022-04-28 14:12:22,2022-05-04 09:37:53,501795,108,11,2,4F424F4D-58D8-00D7-A70E-00D8619C75DC,44415251-58D8-00D7-A70E-000000000000,584f4251-4000-0000-1000-000000000015,AMD Ryzen 7 2700X Eight-Core Processor,8,Preempted,ds439,114,3
1692909,Risk,2022-01-10 04:29:10,2022-01-10 04:31:34,77,64,1,1,4F424F4D-58D8-01D7-3AB5-00D861C8FAE7,44415251-58D8-01D7-3AB5-000000000000,584f4251-3000-0000-2000-000000000002,AMD Ryzen 7 2700 Eight-Core Processor,8,Preempted,ds896,185,4
1143758,Risk,2021-09-20 13:44:27,2021-09-21 00:52:27,39921,131,8,0,4F424F4D-58D8-01D7-3A6D-00D861156B47,44415251-58D8-01D7-3A6D-000000000000,584f4251-4000-0000-1001-000000000004,AMD Ryzen 7 2700X Eight-Core Processor,8,Preempted,ds17,206,4
1605567,Risk,2021-12-14 13:45:36,2021-12-14 13:54:44,250,101,1,1,4F424F4D-58D8-01D7-3653-00D861156AC9,44415251-58D8-01D7-3653-000000000000,584f4251-4000-0000-1001-000000000004,AMD Ryzen 7 2700X Eight-Core Processor,8,Cancelled,ds1,156,3
2081864,3DRender,2022-03-02 16:18:08,2022-03-02 16:24:17,121,127,101,19,4F424F4D-58D8-01D7-3A91-00D8617B0C4D,44415251-58D8-01D7-3A91-000000000000,584f4251-4000-0000-1000-000000000006,AMD Ryzen Threadripper 2990WX 32-Core Processor,32,Completed,ds1,156,3
927625,Risk,2021-07-22 13:27:18,2021-07-26 17:19:08,359415,62,10,0,4F424F4D-58D8-01D7-3AB8-00D8612D22A6,44415251-58D8-01D7-3AB8-000000000000,584f4251-3000-0000-2000-000000000006,AMD Ryzen 7 2700 Eight-Core Processor,8,Preempted,ds8,199,3
1618728,3DRender,2021-12-16 14:05:58,2021-12-16 14:09:51,136,93,1,3,4F424F4D-58D8-01D7-3A6D-00D861155692,44415251-58D8-01D7-3A6D-000000000000,584f4251-4000-0000-1001-000000000004,AMD Ryzen 7 2700X Eight-Core Processor,8,Completed,ds29,96,3
732506,Risk,2021-06-24 12:27:07,2021-06-28 13:07:31,347887,120,3,0,4F424F4D-ADF0-084E-AC68-00D86115561B,44415251-ADF0-084E-AC68-000000000000,584f4251-4000-0000-1001-000000000004,AMD Ryzen 7 2700X Eight-Core Processor,8,Preempted,ds980,163,2
2152900,3DRender,2022-03-10 03:48:21,2022-03-10 03:51:36,190,1,1,4,4F424F4D-ADF0-094E-099B-00D8617B0BE8,44415251-ADF0-094E-099B-000000000000,584f4251-4000-0000-1001-000000000006,AMD Ryzen Threadripper 2950X 16-Core Processor,16,Completed,ds1,156,1
107951,Risk,2021-02-24 07:17:29,2021-02-24 09:14:02,6877,83,26,0,4F424F4D-ADF0-084E-AC68-00D86115571D,44415251-ADF0-084E-AC68-000000000000,584f4251-4000-0000-1001-000000000004,AMD Ryzen 7 2700X Eight-Core Processor,8,Preempted,ds456,112,1
2565472,3DRender,2022-05-10 10:27:34,2022-05-10 10:29:18,2,101,1,1,4F424F4D-ADF0-084E-ABEE-00D8619C75C7,44415251-ADF0-084E-ABEE-000000000000,584f4251-4000-0000-1000-000000000012,AMD Ryzen 7 2700X Eight-Core Processor,8,Failed,ds51,179,2
1091741,Risk,2021-08-29 19:29:51,2021-09-02 10:11:47,311971,124,1,0,4F424F4D-58D8-01D7-3842-00D8619C7352,44415251-58D8-01D7-3842-000000000000,584f4251-4000-0000-1001-000000000005,AMD Ryzen 7 2700X Eight-Core Processor,8,Preempted,ds594,107,3
490090,3DRender,2021-05-14 17:22:54,2021-05-14 17:28:34,284,54,1,1,4F424F4D-58D8-00D7-B128-00D861C1E9B0,44415251-58D8-00D7-B128-000000000000,584f4251-2000-0000-0001-000000000001,AMD Ryzen 7 2700X Eight-Core Processor,8,Completed,ds219,130,0
180164,3DRender,2021-03-22 19:03:38,2021-03-22 19:13:50,542,67,1,1,4F424F4D-58D8-01D7-3B00-00D861C8FB31,44415251-58D8-01D7-3B00-000000000000,584f4251-2001-0000-0000-000000000001,AMD Ryzen 7 2700 Eight-Core Processor,8,Completed,ds2,204,3
2351071,3DRender,2022-04-13 04:21:02,2022-04-13 04:22:52,4,101,4,1,4F424F4D-58D8-00D7-B137-00D861156A9F,44415251-58D8-00D7-B137-000000000000,584f4251-4000-0000-1001-000000000005,AMD Ryzen 7 2700X Eight-Core Processor,8,Completed,ds2,204,1
1057438,Risk,2021-08-29 05:08:49,2021-08-29 05:10:13,0,0,76,0,4F424F4D-58D8-01D7-384B-00D8619C74D8,44415251-58D8-01D7-384B-000000000000,584f4251-4000-0000-1001-000000000001,AMD Ryzen 7 2700X Eight-Core Processor,8,Preempted,ds39,32,4
1225124,3DRender,2021-09-29 12:55:00,2021-09-29 12:58:19,107,74,14,2,4F424F4D-58D8-01D7-3AEE-00D8617B5E25,44415251-58D8-01D7-3AEE-000000000000,584f4251-2001-0000-0000-000000000001,AMD Ryzen 7 2700 Eight-Core Processor,8,Completed,ds6,143,1
3449550,3DRender,2022-09-22 13:50:53,2022-09-22 13:54:43,227,1,1,2,4F424F4D-58D8-00D7-B077-049226DA6479,44415251-58D8-00D7-B077-000000000000,584f4251-4000-0000-1000-000000000016,AMD Ryzen Threadripper 2990WX 32-Core Processor,32,Completed,ds23,123,2
1698916,Risk,2022-01-11 09:12:24,2022-01-11 09:15:12,0,96,68,1,4F424F4D-58D8-01D7-3AB5-00D861C8FAE7,44415251-58D8-01D7-3AB5-000000000000,584f4251-3000-0000-2000-000000000002,AMD Ryzen 7 2700 Eight-Core Processor,8,Preempted,ds80,121,2
2134529,Risk,2022-03-08 13:38:47,2022-03-08 13:40:16,0,2,85,1,4F424F4D-58D8-00D7-B188-00D861C1E96C,44415251-58D8-00D7-B188-000000000000,584f4251-2000-0000-0001-000000000002,AMD Ryzen 7 2700X Eight-Core Processor,8,Preempted,ds622,20,1
203746,3DRender,2021-03-27 22:18:20,2021-03-27 22:27:27,475,70,1,1,4F424F4D-58D8-00D7-B158-00D861156B22,44415251-58D8-00D7-B158-000000000000,584f4251-4000-0000-1001-000000000005,AMD Ryzen 7 2700X Eight-Core Processor,8,Completed,ds22,161,3
1236184,3DRender,2021-09-30 14:19:22,2021-09-30 14:22:50,90,101,15,1,4F424F4D-58D8-00D7-B137-00D861156AC1,44415251-58D8-00D7-B137-000000000000,584f4251-4000-0000-1001-000000000005,AMD Ryzen 7 2700X Eight-Core Processor,8,Completed,ds1,156,4
2638611,3DRender,2022-05-26 12:46:57,2022-05-26 13:13:32,1593,1,1,2,4F424F4D-58D8-00D7-A615-00D8619C77C6,44415251-58D8-00D7-A615-000000000000,584f4251-4000-0000-1000-000000000015,AMD Ryzen 7 2700X Eight-Core Processor,8,Completed,ds46,211,4
551153,3DRender,2021-05-25 14:31:11,2021-05-25 14:31:48,10,1,1,0,4F424F4D-58D8-01D7-3AF1-00D861C8FB34,44415251-58D8-01D7-3AF1-000000000000,584f4251-3000-0000-2000-000000000002,AMD Ryzen 7 2700 Eight-Core Processor,8,Preempted,ds19,125,0
551540,3DRender,2021-05-25 15:09:50,2021-05-25 15:11:57,61,61,1,3,4F424F4D-58D8-01D7-3AF1-00D861C8FBF2,44415251-58D8-01D7-3AF1-000000000000,584f4251-3000-0000-2000-000000000002,AMD Ryzen 7 2700 Eight-Core Processor,8,Completed,ds2,204,4
1079946,Risk,2021-08-31 05:23:32,2021-08-31 05:27:42,0,0,245,1,4F424F4D-58D8-01D7-3AB5-00D861C8FB8F,44415251-58D8-01D7-3AB5-000000000000,584f4251-3000-0000-2000-000000000002,AMD Ryzen 7 2700 Eight-Core Processor,8,Failed,ds3,101,0
3433029,3DRender,2022-09-17 01:09:11,2022-09-17 01:12:26,168,1,1,1,4F424F4D-58D8-00D7-A59A-00D8619C745B,44415251-58D8-00D7-A59A-000000000000,584f4251-4000-0000-1000-000000000019,AMD Ryzen 7 2700X Eight-Core Processor,8,Completed,ds147,47,1
3049446,Risk,2022-07-13 16:13:27,2022-07-14 06:00:28,48963,650,3,0,4F424F4D-58D8-01D7-3842-00D8619C7338,44415251-58D8-01D7-3842-000000000000,584f4251-4000-0000-1001-000000000005,AMD Ryzen 7 2700X Eight-Core Processor,8,Preempted,ds6,143,2
583076,3DRender,2021-05-30 21:11:37,2021-05-30 21:13:51,64,67,1,1,4F424F4D-58D8-01D7-3AEE-00D8617B5F4D,44415251-58D8-01D7-3AEE-000000000000,584f4251-2001-0000-0000-000000000001,AMD Ryzen 7 2700 Eight-Core Processor,8,Completed,ds4,254,1
1061948,Risk,2021-08-29 20:26:15,2021-08-29 20:30:21,105,115,4,0,4F424F4D-58D8-00D7-B08F-00D8611555FB,44415251-58D8-00D7-B08F-000000000000,584f4251-4000-0000-1001-000000000001,AMD Ryzen 7 2700X Eight-Core Processor,8,Preempted,ds1,156,3
858072,3DRender,2021-07-11 18:55:32,2021-07-11 18:57:25,110,1,1,1,4F424F4D-58D8-01D7-37A3-00D8611555AC,44415251-58D8-01D7-37A3-000000000000,584f4251-4000-0000-1001-000000000003,AMD Ryzen 7 2700X Eight-Core Processor,8,Completed,ds690,150,2
219791,3DRender,2021-03-31 16:53:19,2021-03-31 16:55:55,71,77,5,1,4F424F4D-58D8-00D7-B137-00D861156DF3,44415251-58D8-00D7-B137-000000000000,584f4251-4000-0000-1001-000000000005,AMD Ryzen 7 2700X Eight-Core Processor,8,Completed,ds2,204,1
1333390,3DRender,2021-10-17 13:05:07,2021-10-17 13:13:29,404,95,1,2,4F424F4D-58D8-00D7-A5E8-00D8619C7718,44415251-58D8-00D7-A5E8-000000000000,584f4251-4000-0000-1000-000000000019,AMD Ryzen 7 2700X Eight-Core Processor,8,Completed,ds3,101,1
3197231,3DRender,2022-08-02 17:27:52,2022-08-02 17:30:57,180,1,1,3,4F424F4D-58D8-01D7-3647-00D86157814C,44415251-58D8-01D7-3647-000000000000,584f4251-4000-0000-1000-000000000007,AMD Ryzen Threadripper 2950X 16-Core Processor,16,Completed,ds9,149,3
614149,3DRender,2021-06-07 22:27:12,2021-06-07 22:30:09,73,68,2,1,4F424F4D-58D8-01D7-3B00-00D861C8FB31,44415251-58D8-01D7-3B00-000000000000,584f4251-2001-0000-0000-000000000001,AMD Ryzen 7 2700 Eight-Core Processor,8,Failed,ds218,84,3
2898843,Risk,2022-06-23 21:04:03,2022-06-23 21:10:57,275,102,26,1,4F424F4D-58D8-01D7-384B-00D8619C74D0,44415251-58D8-01D7-384B-000000000000,584f4251-4000-0000-1001-000000000001,AMD Ryzen 7 2700X Eight-Core Processor,8,Preempted,ds198,153,3
2551508,3DRender,2022-05-09 07:54:41,2022-05-09 07:54:51,6,1,1,3,4F424F4D-0000-0000-0000-18C04DE39654,44415251-0000-0000-0000-000000000000,584f4251-4000-0000-1000-000000000010,AMD Ryzen Threadripper 3970X 32-Core Processor,32,Completed,ds5,84,1
847556,Risk,2021-07-10 15:17:53,2021-07-10 16:07:29,2862,64,1,0,4F424F4D-58D8-01D7-3AB5-00D861C8FB52,44415251-58D8-01D7-3AB5-000000000000,584f4251-3000-0000-2000-000000000002,AMD Ryzen 7 2700 Eight-Core Processor,8,Preempted,ds3,101,2
2465148,3DRender,2022-04-28 16:41:49,2022-04-28 16:47:47,188,165,2,2,4F424F4D-58D8-00D7-AF51-049226DA6421,44415251-58D8-00D7-AF51-000000000000,584f4251-4000-0000-1000-000000000006,AMD Ryzen Threadripper 2990WX 32-Core Processor,32,Failed,ds1,156,2
1467178,3DRender,2021-11-08 19:49:13,2021-11-08 19:56:07,299,98,12,3,4F424F4D-ADF0-084E-AC2E-00D8619C762F,44415251-ADF0-084E-AC2E-000000000000,584f4251-4000-0000-1000-000000000017,AMD Ryzen 7 2700X Eight-Core Processor,8,Completed,ds46,211,0
3550185,3DRender,2022-10-04 12:02:03,2022-10-04 12:03:48,101,1,1,3,4F424F4D-58D8-00D7-AF51-049226DA3DB9,44415251-58D8-00D7-AF51-000000000000,584f4251-4000-0000-1000-000000000006,AMD Ryzen Threadripper 2990WX 32-Core Processor,32,Completed,ds38,147,0
650243,3DRender,2021-06-11 10:20:29,2021-06-11 10:25:21,287,1,1,3,4F424F4D-58D8-01D7-3B00-00D861C8FC82,44415251-58D8-01D7-3B00-000000000000,584f4251-2001-0000-0000-000000000001,AMD Ryzen 7 2700 Eight-Core Processor,8,Completed,ds2,204,3
470048,3DRender,2021-05-13 10:48:25,2021-05-13 11:29:29,146,3,1,2313,4F424F4D-58D8-01D7-36C2-049226DA65B1,44415251-58D8-01D7-36C2-000000000000,584f4251-4000-0000-1000-000000000004,AMD Ryzen Threadripper 2950X 16-Core Processor,16,Completed,ds126,170,3
1606746,3DRender,2021-12-15 00:38:35,2021-12-15 00:44:40,361,1,1,3,4F424F4D-0000-0000-0000-18C04DE39580,44415251-0000-0000-0000-000000000000,584f4251-4000-0000-1000-000000000010,AMD Ryzen Threadripper 3970X 32-Core Processor,32,Completed,ds5,84,0
1611390,3DRender,2021-12-16 06:33:15,2021-12-16 06:37:05,110,99,17,3,4F424F4D-58D8-01D7-35BD-00D86115696E,44415251-58D8-01D7-35BD-000000000000,584f4251-4000-0000-1001-000000000003,AMD Ryzen 7 2700X Eight-Core Processor,8,Completed,ds14,28,0
2577858,Risk,2022-05-12 17:41:30,2022-05-12 17:55:13,707,106,3,1,4F424F4D-58D8-00D7-A70E-00D8619C76EF,44415251-58D8-00D7-A70E-000000000000,584f4251-4000-0000-1000-000000000015,AMD Ryzen 7 2700X Eight-Core Processor,8,Cancelled,ds698,254,2
2940841,3DRender,2022-06-28 22:51:03,2022-06-28 22:54:46,220,1,1,2,4F424F4D-58D8-01D7-35BD-00D8611557B1,44415251-58D8-01D7-35BD-000000000000,584f4251-4000-0000-1001-000000000003,AMD Ryzen 7 2700X Eight-Core Processor,8,Completed,ds600,239,2
1489678,3DRender,2021-11-14 11:32:45,2021-11-14 12:17:45,2603,96,1,1,4F424F4D-58D8-01D7-376A-00D8619C742B,44415251-58D8-01D7-376A-000000000000,584f4251-4000-0000-1001-000000000001,AMD Ryzen 7 2700X Eight-Core Processor,8,Completed,ds102,74,0
2604965,Risk,2022-05-19 10:35:58,2022-05-19 20:22:06,35057,109,1,1,4F424F4D-58D8-00D7-B131-00D8619C785C,44415251-58D8-00D7-B131-000000000000,584f4251-4000-0000-1000-000000000012,AMD Ryzen 7 2700X Eight-Core Processor,8,Preempted,ds9,149,3
445139,3DRender,2021-05-07 18:38:11,2021-05-07 19:15:08,2086,126,1,5,4F424F4D-58D8-01D7-3809-049226DA3CBC,44415251-58D8-01D7-3809-000000000000,584f4251-4000-0000-1000-000000000004,AMD Ryzen Threadripper 2950X 16-Core Processor,16,Completed,ds1,156,0
1257902,3DRender,2021-10-04 21:46:50,2021-10-04 21:55:32,423,92,5,1,4F424F4D-58D8-01D7-3A6D-00D86115557E,44415251-58D8-01D7-3A6D-000000000000,584f4251-4000-0000-1001-000000000004,AMD Ryzen 7 2700X Eight-Core Processor,8,Completed,ds836,135,0
424076,3DRender,2021-05-06 09:01:40,2021-05-06 09:03:55,0,128,1,0,4F424F4D-58D8-01D7-362C-00D8617B0D20,44415251-58D8-01D7-362C-000000000000,584f4251-4000-0000-1000-000000000002,AMD Ryzen Threadripper 2950X 16-Core Processor,16,Preempted,ds4,254,4
3464634,3DRender,2022-09-26 13:02:49,2022-09-26 13:03:41,49,1,1,2,4F424F4D-58D8-01D7-3A91-00D8617B0B7C,44415251-58D8-01D7-3A91-000000000000,584f4251-4000-0000-1000-000000000006,AMD Ryzen Threadripper 2990WX 32-Core Processor,32,Completed,ds33,148,2
114174,3DRender,2021-02-26 13:53:27,2021-02-26 13:56:46,102,71,6,17,4F424F4D-58D8-01D7-3B00-00D861C8FB33,44415251-58D8-01D7-3B00-000000000000,584f4251-2001-0000-0000-000000000001,AMD Ryzen 7 2700 Eight-Core Processor,8,Completed,ds19,125,3
648923,3DRender,2021-06-10 21:47:00,2021-06-10 21:49:10,0,121,1,0,4F424F4D-ADF0-084E-ABEE-00D8619C7450,44415251-ADF0-084E-ABEE-000000000000,584f4251-4000-0000-1000-000000000012,AMD Ryzen 7 2700X Eight-Core Processor,8,Preempted,ds4,254,1
1465877,3DRender,2021-11-08 11:32:19,2021-11-08 11:53:05,1151,92,1,3,4F424F4D-58D8-00D7-A59A-00D8619C7404,44415251-58D8-00D7-A59A-000000000000,584f4251-4000-0000-1000-000000000019,AMD Ryzen 7 2700X Eight-Core Processor,8,Completed,ds20,167,0
1578067,3DRender,2021-12-07 20:09:24,2021-12-07 20:14:28,301,1,1,2,4F424F4D-58D8-01D7-3A91-00D8615781E5,44415251-58D8-01D7-3A91-000000000000,584f4251-4000-0000-1000-000000000006,AMD Ryzen Threadripper 2990WX 32-Core Processor,32,Completed,ds1,156,4
3442745,3DRender,2022-09-20 14:13:00,2022-09-20 14:27:39,3,689,187,0,4F424F4D-ADF0-084E-ABEE-00D8619C7850,44415251-ADF0-084E-ABEE-000000000000,584f4251-4000-0000-1000-000000000012,AMD Ryzen 7 2700X Eight-Core Processor,8,Failed,ds7,180,4
2298831,3DRender,2022-04-04 19:47:12,2022-04-04 19:56:14,329,74,32,104,4F424F4D-58D8-01D7-3AF1-00D861C8FB32,44415251-58D8-01D7-3AF1-000000000000,584f4251-3000-0000-2000-000000000002,AMD Ryzen 7 2700 Eight-Core Processor,8,Completed,ds2,204,4
2317544,3DRender,2022-04-09 18:01:42,2022-04-09 18:10:49,225,289,30,1,4F424F4D-ADF0-084E-AC6B-049226DA3C9B,44415251-ADF0-084E-AC6B-000000000000,584f4251-4000-0000-1000-000000000006,AMD Ryzen Threadripper 2990WX 32-Core Processor,32,Completed,ds51,179,2
2261284,3DRender,2022-03-25 00:14:45,2022-03-25 00:26:42,392,66,38,218,4F424F4D-58D8-01D7-3AF1-00D861C8FB3D,44415251-58D8-01D7-3AF1-000000000000,584f4251-3000-0000-2000-000000000002,AMD Ryzen 7 2700 Eight-Core Processor,8,Completed,ds6,143,0
538996,3DRender,2021-05-21 16:02:09,2021-05-21 17:32:54,5418,1,1,26,4F424F4D-58D8-01D7-3809-049226D9D960,44415251-58D8-01D7-3809-000000000000,584f4251-4000-0000-1000-000000000004,AMD Ryzen Threadripper 2950X 16-Core Processor,16,Completed,ds128,217,3
2075906,Risk,2022-03-02 00:31:45,2022-03-02 00:32:02,0,11,1,1,4F424F4D-58D8-01D7-37A3-00D8611555DB,44415251-58D8-01D7-37A3-000000000000,584f4251-4000-0000-1001-000000000003,AMD Ryzen 7 2700X Eight-Core Processor,8,Preempted,ds2,204,0
2327440,3DRender,2022-04-11 13:33:47,2022-04-11 13:48:10,583,90,53,135,4F424F4D-ADF0-084E-AC5B-00D86157814F,44415251-ADF0-084E-AC5B-000000000000,584f4251-4000-0000-1000-000000000016,AMD Ryzen Threadripper 2990WX 32-Core Processor,32,Completed,ds20,167,1
2831287,3DRender,2022-06-17 14:24:28,2022-06-17 14:34:41,612,1,1,1,4F424F4D-58D8-00D7-B137-00D861156B3D,44415251-58D8-00D7-B137-000000000000,584f4251-4000-0000-1001-000000000005,AMD Ryzen 7 2700X Eight-Core Processor,8,Completed,ds323,31,2
288135,3DRender,2021-04-22 05:44:40,2021-04-22 05:47:49,26,159,1,1,4F424F4D-58D8-01D7-3809-049226D9DACC,44415251-58D8-01D7-3809-000000000000,584f4251-4000-0000-1000-000000000004,AMD Ryzen Threadripper 2950X 16-Core Processor,16,Failed,ds36,231,1
467741,3DRender,2021-05-13 03:07:44,2021-05-13 03:09:50,0,121,1,0,4F424F4D-58D8-01D7-36C2-049226D9DA0B,44415251-58D8-01D7-36C2-000000000000,584f4251-4000-0000-1000-000000000004,AMD Ryzen Threadripper 2950X 16-Core Processor,16,Preempted,ds2,204,1
2386899,3DRender,2022-04-17 01:25:35,2022-04-17 01:35:49,151,1,1,450,4F424F4D-58D8-01D7-38BD-00D8615783D5,44415251-58D8-01D7-38BD-000000000000,584f4251-4000-0000-1000-000000000006,AMD Ryzen Threadripper 2990WX 32-Core Processor,32,Completed,ds5,84,3
3197326,3DRender,2022-08-02 17:30:03,2022-08-02 17:35:01,293,1,1,3,4F424F4D-58D8-00D7-A5E8-00D8619C773F,44415251-58D8-00D7-A5E8-000000000000,584f4251-4000-0000-1000-000000000019,AMD Ryzen 7 2700X Eight-Core Processor,8,Completed,ds11,5,0
855743,3DRender,2021-07-11 16:15:59,2021-07-11 16:19:12,134,57,1,2,4F424F4D-58D8-00D7-B155-00D8617B5DA6,44415251-58D8-00D7-B155-000000000000,584f4251-2001-0000-0000-000000000002,AMD Ryzen 7 2700 Eight-Core Processor,8,Completed,ds15,8,0
2275543,3DRender,2022-03-29 15:12:26,2022-03-29 15:19:44,213,74,41,107,4F424F4D-58D8-01D7-3AF1-00D861C8FB38,44415251-58D8-01D7-3AF1-000000000000,584f4251-3000-0000-2000-000000000002,AMD Ryzen 7 2700 Eight-Core Processor,8,Completed,ds2,204,3
2902523,Risk,2022-06-24 14:21:50,2022-06-24 14:39:25,938,111,2,1,4F424F4D-58D8-01D7-35BD-00D861156B3B,44415251-58D8-01D7-35BD-000000000000,584f4251-4000-0000-1001-000000000003,AMD Ryzen 7 2700X Eight-Core Processor,8,Preempted,ds1,156,3
507007,3DRender,2021-05-15 06:55:22,2021-05-15 06:57:30,0,121,1,0,4F424F4D-58D8-01D7-3809-049226DA3E39,44415251-58D8-01D7-3809-000000000000,584f4251-4000-0000-1000-000000000004,AMD Ryzen Threadripper 2950X 16-Core Processor,16,Preempted,ds796,204,4
2375052,3DRender,2022-04-15 00:08:00,2022-04-15 00:18:51,506,141,1,3,4F424F4D-ADF0-084E-ABC1-049226D9D950,44415251-ADF0-084E-ABC1-000000000000,584f4251-4000-0000-1000-000000000016,AMD Ryzen Threadripper 2990WX 32-Core Processor,32,Completed,ds136,137,2
886765,3DRender,2021-07-15 14:24:15,2021-07-15 14:36:43,673,71,1,3,4F424F4D-58D8-01D7-3B00-00D861C8FAE6,44415251-58D8-01D7-3B00-000000000000,584f4251-2001-0000-0000-000000000001,AMD Ryzen 7 2700 Eight-Core Processor,8,Completed,ds7,180,3
2376713,Risk,2022-04-15 07:23:27,2022-04-15 07:26:33,0,0,179,1,4F424F4D-58D8-01D7-35BD-00D861156AB2,44415251-58D8-01D7-35BD-000000000000,584f4251-4000-0000-1001-000000000003,AMD Ryzen 7 2700X Eight-Core Processor,8,Failed,ds1,156,2
2703814,Risk,2022-06-04 04:00:13,2022-06-04 04:05:30,15,107,1,2,4F424F4D-58D8-01D7-376A-00D8619C7738,44415251-58D8-01D7-376A-000000000000,584f4251-4000-0000-1001-000000000001,AMD Ryzen 7 2700X Eight-Core Processor,8,Preempted,ds3,101,1
101179,Risk,2021-02-20 03:35:18,2021-02-20 16:02:02,44711,83,1,0,4F424F4D-58D8-01D7-3842-00D8619C7365,44415251-58D8-01D7-3842-000000000000,584f4251-4000-0000-1001-000000000005,AMD Ryzen 7 2700X Eight-Core Processor,8,Preempted,ds1,156,3
464928,3DRender,2021-05-12 16:08:27,2021-05-12 16:17:36,522,1,1,24,4F424F4D-58D8-01D7-35D2-00D8617B0BC8,44415251-58D8-01D7-35D2-000000000000,584f4251-4000-0000-1000-000000000002,AMD Ryzen Threadripper 2950X 16-Core Processor,16,Completed,ds14,28,1
2730636,Risk,2022-06-08 05:32:22,2022-06-08 05:34:40,0,129,1,1,4F424F4D-58D8-00D7-B137-00D861156A90,44415251-58D8-00D7-B137-000000000000,584f4251-4000-0000-1001-000000000005,AMD Ryzen 7 2700X Eight-Core Processor,8,Preempted,ds678,81,1
716773,3DRender,2021-06-23 21:39:32,2021-06-23 21:41:06,93,1,1,1,4F424F4D-58D8-01D7-3A04-00D861C8FB54,44415251-58D8-01D7-3A04-000000000000,584f4251-3000-0000-2000-000000000003,AMD Ryzen 7 2700 Eight-Core Processor,8,Completed,ds392,204,4
2261337,Risk,2022-03-24 11:51:05,2022-03-25 00:49:30,46559,106,30,1,4F424F4D-58D8-00D7-B158-00D86115554E,44415251-58D8-00D7-B158-000000000000,584f4251-4000-0000-1001-000000000005,AMD Ryzen 7 2700X Eight-Core Processor,8,Preempted,ds10,52,0
1326004,3DRender,2021-10-16 21:57:46,2021-10-16 22:03:03,214,101,1,1,4F424F4D-58D8-00D7-A3E7-00D8619C76AC,44415251-58D8-00D7-A3E7-000000000000,584f4251-4000-0000-1000-000000000019,AMD Ryzen 7 2700X Eight-Core Processor,8,Completed,ds873,5,1
105109,Risk,2021-02-23 10:40:03,2021-02-23 10:43:50,83,81,56,0,4F424F4D-58D8-01D7-37A3-00D8619C77C0,44415251-58D8-01D7-37A3-000000000000,584f4251-4000-0000-1001-000000000003,AMD Ryzen 7 2700X Eight-Core Processor,8,Preempted,ds719,171,1
1087537,Risk,2021-09-01 05:08:32,2021-09-01 05:30:58,1254,71,8,0,4F424F4D-58D8-01D7-3AA6-00D861C8FB05,44415251-58D8-01D7-3AA6-000000000000,584f4251-3000-0000-2000-000000000003,AMD Ryzen 7 2700 Eight-Core Processor,8,Preempted,ds128,217,2
2663024,3DRender,2022-05-31 16:56:26,2022-05-31 16:58:14,3,105,1,1,4F424F4D-58D8-01D7-3863-00D8611556F5,44415251-58D8-01D7-3863-000000000000,584f4251-4000-0000-1001-000000000003,AMD Ryzen 7 2700X Eight-Core Processor,8,Failed,ds1,156,2
891675,3DRender,2021-07-16 07:00:31,2021-07-16 07:02:10,2,95,1,1,4F424F4D-ADF0-084E-ABC6-00D8619C7687,44415251-ADF0-084E-ABC6-000000000000,584f4251-4000-0000-1000-000000000012,AMD Ryzen 7 2700X Eight-Core Processor,8,Failed,ds4,254,0
284540,3DRender,2021-04-21 22:39:03,2021-04-21 22:44:47,1,339,1,1,4F424F4D-58D8-01D7-3809-049226D9D936,44415251-58D8-01D7-3809-000000000000,584f4251-4000-0000-1000-000000000004,AMD Ryzen Threadripper 2950X 16-Core Processor,16,Failed,ds2,204,3
2624190,3DRender,2022-05-24 12:47:47,2022-05-24 13:37:06,2643,113,184,19,4F424F4D-ADF0-084E-AC2E-00D8619C73CD,44415251-ADF0-084E-AC2E-000000000000,584f4251-4000-0000-1000-000000000017,AMD Ryzen 7 2700X Eight-Core Processor,8,Completed,ds3,101,4
3196008,3DRender,2022-08-02 16:42:12,2022-08-02 16:46:27,251,1,1,3,4F424F4D-58D8-00D7-A59A-00D8619C7449,44415251-58D8-00D7-A59A-000000000000,584f4251-4000-0000-1000-000000000019,AMD Ryzen 7 2700X Eight-Core Processor,8,Completed,ds1,156,1
2397355,Risk,2022-04-19 12:19:59,2022-04-19 12:23:02,0,0,179,1,4F424F4D-58D8-01D7-37A3-00D8619C75C8,44415251-58D8-01D7-37A3-000000000000,584f4251-4000-0000-1001-000000000003,AMD Ryzen 7 2700X Eight-Core Processor,8,Failed,ds865,60,4
2170698,3DRender,2022-03-12 06:58:11,2022-03-12 07:03:12,181,97,22,1,4F424F4D-58D8-01D7-3863-00D8611556F4,44415251-58D8-01D7-3863-000000000000,584f4251-4000-0000-1001-000000000003,AMD Ryzen 7 2700X Eight-Core Processor,8,Completed,ds46,211,4
1117337,3DRender,2021-09-11 18:05:33,2021-09-11 18:08:41,77,96,11,2,4F424F4D-58D8-00D7-B137-00D8611569FD,44415251-58D8-00D7-B137-000000000000,584f4251-4000-0000-1001-000000000005,AMD Ryzen 7 2700X Eight-Core Processor,8,Completed,ds466,153,1
1409539,3DRender,2021-10-27 09:30:23,2021-10-27 10:07:21,2120,95,1,1,4F424F4D-58D8-01D7-37A3-00D8611555DB,44415251-58D8-01D7-37A3-000000000000,584f4251-4000-0000-1001-000000000003,AMD Ryzen 7 2700X Eight-Core Processor,8,Completed,ds725,240,4
3007281,3DRender,2022-07-07 12:54:48,2022-07-07 13:01:04,19,340,12,2,4F424F4D-ADF0-084E-AC68-00D8611555A4,44415251-ADF0-084E-AC68-000000000000,584f4251-4000-0000-1001-000000000004,AMD Ryzen 7 2700X Eight-Core Processor,8,Completed,ds3,101,3
3450617,3DRender,2022-09-22 14:00:31,2022-09-22 14:32:57,1781,163,1,2,4F424F4D-58D8-00D7-A3A5-00D8619C74DF,44415251-58D8-00D7-A3A5-000000000000,584f4251-4000-0000-1000-000000000015,AMD Ryzen 7 2700X Eight-Core Processor,8,Completed,ds11,5,2
2404544,3DRender,2022-04-20 17:52:27,2022-04-20 18:01:16,370,144,11,2,4F424F4D-ADF0-084E-ABC1-049226DA3E3A,44415251-ADF0-084E-ABC1-000000000000,584f4251-4000-0000-1000-000000000016,AMD Ryzen Threadripper 2990WX 32-Core Processor,32,Completed,ds16,208,4
2546071,3DRender,2022-05-07 23:19:59,2022-05-07 23:28:32,243,258,8,1,4F424F4D-58D8-00D7-AF51-049226D9D91C,44415251-58D8-00D7-AF51-000000000000,584f4251-4000-0000-1000-000000000006,AMD Ryzen Threadripper 2990WX 32-Core Processor,32,Completed,ds23,123,0
40962,Risk,2021-02-09 23:20:51,2021-02-11 03:19:13,100565,80,52,0,4F424F4D-58D8-00D7-B158-00D861156B44,44415251-58D8-00D7-B158-000000000000,584f4251-4000-0000-1001-000000000005,AMD Ryzen 7 2700X Eight-Core Processor,8,Preempted,ds4,254,4
1691794,Risk,2022-01-09 16:08:04,2022-01-09 16:11:12,0,0,183,1,4F424F4D-58D8-01D7-3AB5-00D861C8FEB8,44415251-58D8-01D7-3AB5-000000000000,584f4251-3000-0000-2000-000000000002,AMD Ryzen 7 2700 Eight-Core Processor,8,Failed,ds998,192,1
3444952,3DRender,2022-09-21 09:19:45,2022-09-21 09:23:10,14,155,31,4,4F424F4D-ADF0-084E-ABC6-00D8619C7322,44415251-ADF0-084E-ABC6-000000000000,584f4251-4000-0000-1000-000000000012,AMD Ryzen 7 2700X Eight-Core Processor,8,Completed,ds36,231,3
2301451,Risk,2022-04-05 07:44:44,2022-04-05 07:47:50,0,0,181,1,4F424F4D-58D8-01D7-35BD-00D8611557A5,44415251-58D8-01D7-35BD-000000000000,584f4251-4000-0000-1001-000000000003,AMD Ryzen 7 2700X Eight-Core Processor,8,Failed,ds473,28,0
2789454,Risk,2022-06-14 11:50:11,2022-06-14 12:07:55,917,120,22,1,4F424F4D-58D8-00D7-B158-00D861155739,44415251-58D8-00D7-B158-000000000000,584f4251-4000-0000-1001-000000000005,AMD Ryzen 7 2700X Eight-Core Processor,8,Preempted,ds48,200,4
898268,Risk,2021-07-17 04:45:52,2021-07-17 05:50:12,3572,174,102,0,4F424F4D-ADF0-084E-AC2E-00D8619C76B2,44415251-ADF0-084E-AC2E-000000000000,584f4251-4000-0000-1000-000000000017,AMD Ryzen 7 2700X Eight-Core Processor,8,Preempted,ds582,4,4
226485,Risk,2021-04-06 18:19:57,2021-04-06 18:45:15,1432,73,2,0,4F424F4D-58D8-01D7-3AB2-00D861C8FACD,44415251-58D8-01D7-3AB2-000000000000,584f4251-3000-0000-2000-000000000003,AMD Ryzen 7 2700 Eight-Core Processor,8,Preempted,ds142,135,1
1682629,Risk,2022-01-07 03:20:52,2022-01-07 03:28:49,406,61,1,1,4F424F4D-58D8-01D7-3AB5-00D861C8FD4C,44415251-58D8-01D7-3AB5-000000000000,584f4251-3000-0000-2000-000000000002,AMD Ryzen 7 2700 Eight-Core Processor,8,Preempted,ds346,248,3
2429014,3DRender,2022-04-24 01:37:29,2022-04-24 01:38:23,50,1,1,3,4F424F4D-58D8-00D7-AF51-049226DA3C60,44415251-58D8-00D7-AF51-000000000000,584f4251-4000-0000-1000-000000000006,AMD Ryzen Threadripper 2990WX 32-Core Processor,32,Completed,ds349,117,3
550197,3DRender,2021-05-25 13:06:40,2021-05-25 13:11:55,226,84,1,3,4F424F4D-58D8-01D7-3B00-00D861C8FC82,44415251-58D8-01D7-3B00-000000000000,584f4251-2001-0000-0000-000000000001,AMD Ryzen 7 2700 Eight-Core Processor,8,Completed,ds496,103,4
3474309,3DRender,2022-09-27 10:05:02,2022-09-27 10:07:29,4,137,4,1,4F424F4D-58D8-01D7-376A-00D8619C738A,44415251-58D8-01D7-376A-000000000000,584f4251-4000-0000-1001-000000000001,AMD Ryzen 7 2700X Eight-Core Processor,8,Completed,ds1,156,3
477301,3DRender,2021-05-14 02:37:16,2021-05-14 02:42:13,198,76,14,6,4F424F4D-58D8-00D7-B155-00D8617B5E6E,44415251-58D8-00D7-B155-000000000000,584f4251-2001-0000-0000-000000000002,AMD Ryzen 7 2700 Eight-Core Processor,8,Completed,ds5,84,2
3421828,3DRender,2022-09-12 15:39:44,2022-09-12 15:52:10,294,274,174,3,4F424F4D-58D8-01D7-38BD-00D8615781CF,44415251-58D8-01D7-38BD-000000000000,584f4251-4000-0000-1000-000000000006,AMD Ryzen Threadripper 2990WX 32-Core Processor,32,Completed,ds117,85,4
225901,Risk,2021-04-06 15:43:59,2021-04-06 15:47:07,0,87,83,0,4F424F4D-58D8-01D7-3A04-00D861C8FAB6,44415251-58D8-01D7-3A04-000000000000,584f4251-3000-0000-2000-000000000003,AMD Ryzen 7 2700 Eight-Core Processor,8,Preempted,ds7,180,0
1637541,3DRender,2021-12-22 10:46:33,2021-12-22 10:46:55,20,1,1,1,4F424F4D-58D8-01D7-0A2B-00D8617B0CE1,44415251-58D8-01D7-0A2B-000000000000,584f4251-4000-0000-1000-000000000016,AMD Ryzen Threadripper 2990WX 32-Core Processor,32,Completed,ds1,156,0
3454864,3DRender,2022-09-23 04:23:58,2022-09-23 04:24:07,0,0,1,0,4F424F4D-58D8-00D7-B302-00D861C8FCF9,44415251-58D8-00D7-B302-000000000000,584f4251-2000-0000-0001-000000000001,AMD Ryzen 7 2700X Eight-Core Processor,8,Failed,ds5,84,3
2090029,Risk,2022-02-28 09:41:32,2022-03-03 11:54:10,267042,105,1,1,4F424F4D-ADF0-084E-AC68-00D861155688,44415251-ADF0-084E-AC68-000000000000,584f4251-4000-0000-1001-000000000004,AMD Ryzen 7 2700X Eight-Core Processor,8,Cancelled,ds3,101,2
407965,3DRender,2021-05-04 20:39:51,2021-05-04 20:42:31,0,151,1,0,4F424F4D-58D8-01D7-36C2-049226DA6540,44415251-58D8-01D7-36C2-000000000000,584f4251-4000-0000-1000-000000000004,AMD Ryzen Threadripper 2950X 16-Core Processor,16,Preempted,ds13,99,4
2286497,3DRender,2022-03-31 16:39:48,2022-03-31 16:48:17,291,69,29,118,4F424F4D-58D8-01D7-3AF1-00D861C8FB38,44415251-58D8-01D7-3AF1-000000000000,584f4251-3000-0000-2000-000000000002,AMD Ryzen 7 2700 Eight-Core Processor,8,Completed,ds60,97,3
2051840,3DRender,2022-02-26 19:37:34,2022-02-26 19:41:41,239,1,1,5,4F424F4D-58D8-01D7-3A91-00D8617B0CF2,44415251-58D8-01D7-3A91-000000000000,584f4251-4000-0000-1000-000000000006,AMD Ryzen Threadripper 2990WX 32-Core Processor,32,Completed,ds5,84,2
3108338,Risk,2022-07-20 10:59:48,2022-07-20 11:07:34,8,451,4,0,4F424F4D-58D8-00D7-B131-00D8619C746C,44415251-58D8-00D7-B131-000000000000,584f4251-4000-0000-1000-000000000012,AMD Ryzen 7 2700X Eight-Core Processor,8,Failed,ds3,101,4
2486200,Risk,2022-05-03 01:25:59,2022-05-03 01:29:06,0,0,179,1,4F424F4D-58D8-01D7-3863-00D8611555ED,44415251-58D8-01D7-3863-000000000000,584f4251-4000-0000-1001-000000000003,AMD Ryzen 7 2700X Eight-Core Processor,8,Failed,ds91,45,4
1421730,3DRender,2021-10-30 09:45:47,2021-10-30 10:10:00,1343,77,31,1,4F424F4D-58D8-01D7-376A-00D8619C7383,44415251-58D8-01D7-376A-000000000000,584f4251-4000-0000-1001-000000000001,AMD Ryzen 7 2700X Eight-Core Processor,8,Completed,ds123,28,1
122873,Risk,2021-02-28 01:51:51,2021-03-02 08:07:56,195268,91,1,0,4F424F4D-ADF0-084E-AC1B-00D861156AED,44415251-ADF0-084E-AC1B-000000000000,584f4251-4000-0000-1001-000000000004,AMD Ryzen 7 2700X Eight-Core Processor,8,Preempted,ds5,84,2
3428118,3DRender,2022-09-13 17:47:36,2022-09-13 18:01:40,671,163,9,1,4F424F4D-58D8-01D7-3A91-00D8615781E5,44415251-58D8-01D7-3A91-000000000000,584f4251-4000-0000-1000-000000000006,AMD Ryzen Threadripper 2990WX 32-Core Processor,32,Completed,ds394,35,1
1131327,Risk,2021-09-15 15:22:53,2021-09-15 15:26:49,52,103,62,0,4F424F4D-ADF0-084E-AC68-00D86115566D,44415251-ADF0-084E-AC68-000000000000,584f4251-4000-0000-1001-000000000004,AMD Ryzen 7 2700X Eight-Core Processor,8,Preempted,ds97,111,0
675170,3DRender,2021-06-15 17:00:27,2021-06-15 17:04:29,159,72,7,2,4F424F4D-58D8-01D7-3B00-00D861C8FC92,44415251-58D8-01D7-3B00-000000000000,584f4251-2001-0000-0000-000000000001,AMD Ryzen 7 2700 Eight-Core Processor,8,Completed,ds688,171,4
1670146,Risk,2022-01-03 18:16:45,2022-01-03 18:55:00,2178,99,13,1,4F424F4D-58D8-00D7-B158-00D86115564B,44415251-58D8-00D7-B158-000000000000,584f4251-4000-0000-1001-000000000005,AMD Ryzen 7 2700X Eight-Core Processor,8,Cancelled,ds17,206,3
106789,3DRender,2021-02-23 22:04:00,2021-02-23 22:08:09,20,138,1,4,4F424F4D-ADF0-084E-AC1B-00D8611556BB,44415251-ADF0-084E-AC1B-000000000000,584f4251-4000-0000-1001-000000000004,AMD Ryzen 7 2700X Eight-Core Processor,8,Failed,ds50,213,1
1967609,Multiphysics,2022-02-14 10:04:57,2022-02-14 10:07:51,3,136,33,1,4F424F4D-58D8-00D7-B077-049226DA3C83,44415251-58D8-00D7-B077-000000000000,584f4251-4000-0000-1000-000000000016,AMD Ryzen Threadripper 2990WX 32-Core Processor,32,Completed,ds33,148,2
607134,Risk,2021-06-04 20:15:15,2021-06-04 20:18:21,0,0,180,1,4F424F4D-58D8-01D7-3A6D-00D861156A85,44415251-58D8-01D7-3A6D-000000000000,584f4251-4000-0000-1001-000000000004,AMD Ryzen 7 2700X Eight-Core Processor,8,Failed,ds1,156,1
106217,3DRender,2021-02-23 21:45:15,2021-02-23 21:49:21,34,137,1,4,4F424F4D-ADF0-084E-AC1B-00D861156AFC,44415251-ADF0-084E-AC1B-000000000000,584f4251-4000-0000-1001-000000000004,AMD Ryzen 7 2700X Eight-Core Processor,8,Failed,ds11,5,4
555464,3DRender,2021-05-26 02:03:57,2021-05-26 03:07:10,3575,210,1,6,4F424F4D-58D8-01D7-36C2-049226D9D917,44415251-58D8-01D7-36C2-000000000000,584f4251-4000-0000-1000-000000000004,AMD Ryzen Threadripper 2950X 16-Core Processor,16,Completed,ds1,156,3
1407063,Risk,2021-10-27 02:17:16,2021-10-27 02:23:40,86,98,1,2,4F424F4D-58D8-01D7-3863-00D86115567C,44415251-58D8-01D7-3863-000000000000,584f4251-4000-0000-1001-000000000003,AMD Ryzen 7 2700X Eight-Core Processor,8,Preempted,ds7,180,4
12727,Risk,2021-01-30 01:14:50,2021-01-30 03:02:33,6400,61,1,0,4F424F4D-58D8-01D7-3AF1-00D861C8FC44,44415251-58D8-01D7-3AF1-000000000000,584f4251-3000-0000-2000-000000000002,AMD Ryzen 7 2700 Eight-Core Processor,8,Preempted,ds3,101,2
2204141,Risk,2022-03-17 12:30:51,2022-03-17 12:35:57,208,91,1,1,4F424F4D-58D8-01D7-384B-00D8619C75CA,44415251-58D8-01D7-384B-000000000000,584f4251-4000-0000-1001-000000000001,AMD Ryzen 7 2700X Eight-Core Processor,8,Preempted,ds831,229,0
526524,3DRender,2021-05-20 09:28:52,2021-05-20 10:22:50,3070,139,1,27,4F424F4D-58D8-01D7-3809-049226D9D936,44415251-58D8-01D7-3809-000000000000,584f4251-4000-0000-1000-000000000004,AMD Ryzen Threadripper 2950X 16-Core Processor,16,Completed,ds1,156,2
896290,3DRender,2021-07-16 16:43:05,2021-07-16 16:46:56,135,95,1,1,4F424F4D-58D8-01D7-3A6D-00D8611555E7,44415251-58D8-01D7-3A6D-000000000000,584f4251-4000-0000-1001-000000000004,AMD Ryzen 7 2700X Eight-Core Processor,8,Completed,ds429,11,2
1324799,3DRender,2021-10-16 20:54:12,2021-10-16 20:59:27,208,106,1,1,4F424F4D-ADF0-084E-ABEE-00D8619C76C6,44415251-ADF0-084E-ABEE-000000000000,584f4251-4000-0000-1000-000000000012,AMD Ryzen 7 2700X Eight-Core Processor,8,Completed,ds45,224,3
421960,3DRender,2021-05-06 04:30:25,2021-05-06 04:33:04,0,151,1,0,4F424F4D-58D8-01D7-36C2-049226D9DAE5,44415251-58D8-01D7-36C2-000000000000,584f4251-4000-0000-1000-000000000004,AMD Ryzen Threadripper 2950X 16-Core Processor,16,Preempted,ds1,156,2
1631756,Risk,2021-12-17 22:34:44,2021-12-20 13:13:43,225257,55,24,2,4F424F4D-58D8-00D7-B200-00D861C8FE78,44415251-58D8-00D7-B200-000000000000,584f4251-2000-0000-0001-000000000001,AMD Ryzen 7 2700X Eight-Core Processor,8,Preempted,ds104,97,2
1807393,3DRender,2022-01-27 10:28:36,2022-01-27 10:28:43,1,1,1,0,4F424F4D-58D8-01D7-3842-00D8619C7367,44415251-58D8-01D7-3842-000000000000,584f4251-4000-0000-1001-000000000005,AMD Ryzen 7 2700X Eight-Core Processor,8,Preempted,ds7,180,4
1458035,Risk,2021-11-05 20:53:11,2021-11-06 13:12:30,58578,96,75,1,4F424F4D-58D8-00D7-A5E8-00D8619C78CB,44415251-58D8-00D7-A5E8-000000000000,584f4251-4000-0000-1000-000000000019,AMD Ryzen 7 2700X Eight-Core Processor,8,Preempted,ds72,202,1
553078,3DRender,2021-05-25 19:11:22,2021-05-25 19:14:09,81,82,1,2,4F424F4D-58D8-00D7-B155-00D8617B5DDB,44415251-58D8-00D7-B155-000000000000,584f4251-2001-0000-0000-000000000002,AMD Ryzen 7 2700 Eight-Core Processor,8,Completed,ds843,190,0
650907,3DRender,2021-06-11 17:01:09,2021-06-11 17:08:32,440,1,1,2,4F424F4D-58D8-01D7-37A3-00D861156B2F,44415251-58D8-01D7-37A3-000000000000,584f4251-4000-0000-1001-000000000003,AMD Ryzen 7 2700X Eight-Core Processor,8,Completed,ds85,8,0
2831530,3DRender,2022-06-17 14:53:51,2022-06-17 14:56:24,148,1,1,3,4F424F4D-58D8-01D7-3842-00D8619C7338,44415251-58D8-01D7-3842-000000000000,584f4251-4000-0000-1001-000000000005,AMD Ryzen 7 2700X Eight-Core Processor,8,Completed,ds396,241,3
1850541,Risk,2022-02-02 03:07:28,2022-02-02 03:08:36,0,1,60,1,4F424F4D-58D8-01D7-35BD-00D861156AB2,44415251-58D8-01D7-35BD-000000000000,584f4251-4000-0000-1001-000000000003,AMD Ryzen 7 2700X Eight-Core Processor,8,Preempted,ds6,143,4
